split,midi_filename,duration
train,2017/MIDI-Unprocessed_066_PIANO066_MID--AUDIO-split_07-07-17_Piano-e_3-02_wav--3.midi,464.649432608
train,2004/MIDI-Unprocessed_XP_21_R1_2004_01_ORIG_MID--AUDIO_21_R1_2004_01_Track01_wav.midi,872.640588096
validation,2006/MIDI-Unprocessed_17_R1_2006_01-06_ORIG_MID--AUDIO_17_R1_2006_04_Track04_wav.midi,397.857508125
validation,2009/MIDI-Unprocessed_07_R1_2009_04-05_ORIG_MID--AUDIO_07_R1_2009_07_R1_2009_04_WAV.midi,400.557825938
test,2009/MIDI-Unprocessed_11_R1_2009_06-09_ORIG_MID--AUDIO_11_R1_2009_11_R1_2009_07_WAV.midi,163.745829844
train,2013/ORIG-MIDI_03_7_8_13_Group__MID--AUDIO_19_R2_2013_wav--3.midi,563.904350625
test,2009/MIDI-Unprocessed_02_R1_2009_03-06_ORIG_MID--AUDIO_02_R1_2009_02_R1_2009_04_WAV.midi,136.315301719
validation,2009/MIDI-Unprocessed_02_R1_2009_03-06_ORIG_MID--AUDIO_02_R1_2009_02_R1_2009_05_WAV.midi,167.085837188
train,2011/MIDI-Unprocessed_15_R1_2011_MID--AUDIO_R1-D6_09_Track09_wav.midi,102.007109531
train,2006/MIDI-Unprocessed_19_R1_2006_01-07_ORIG_MID--AUDIO_19_R1_2006_04_Track04_wav.midi,550.997045156
train,2013/ORIG-MIDI_02_7_10_13_Group_MID--AUDIO_11_R3_2013_wav--3.midi,512.164284844
train,2011/MIDI-Unprocessed_09_R1_2011_MID--AUDIO_R1-D3_15_Track15_wav.midi,476.806414219
train,2014/MIDI-UNPROCESSED_14-15_R1_2014_MID--AUDIO_15_R1_2014_wav--5.midi,486.857152031
validation,2009/MIDI-Unprocessed_11_R1_2009_06-09_ORIG_MID--AUDIO_11_R1_2009_11_R1_2009_06_WAV.midi,138.421335938
train,2008/MIDI-Unprocessed_01_R1_2008_01-04_ORIG_MID--AUDIO_01_R1_2008_wav--3.midi,463.605305625
train,2006/MIDI-Unprocessed_12_R1_2006_01-08_ORIG_MID--AUDIO_12_R1_2006_02_Track02_wav.midi,613.737367031
train,2018/MIDI-Unprocessed_Recital17-19_MID--AUDIO_18_R1_2018_wav--2.midi,685.005992344
train,2017/MIDI-Unprocessed_079_PIANO079_MID--AUDIO-split_07-09-17_Piano-e_1-04_wav--4.midi,661.909149792
train,2018/MIDI-Unprocessed_Chamber6_MID--AUDIO_20_R3_2018_wav--2.midi,1117.95828375
validation,2013/ORIG-MIDI_01_7_6_13_Group__MID--AUDIO_03_R1_2013_wav--4.midi,440.110403906
train,2004/MIDI-Unprocessed_SMF_07_R1_2004_01_ORIG_MID--AUDIO_07_R1_2004_12_Track12_wav.midi,659.835660317
train,2014/MIDI-UNPROCESSED_21-22_R1_2014_MID--AUDIO_22_R1_2014_wav--4.midi,644.840434219
test,2006/MIDI-Unprocessed_24_R1_2006_01-05_ORIG_MID--AUDIO_24_R1_2006_03_Track03_wav.midi,426.268270313
test,2009/MIDI-Unprocessed_11_R1_2009_06-09_ORIG_MID--AUDIO_11_R1_2009_11_R1_2009_08_WAV.midi,520.139704219
test,2018/MIDI-Unprocessed_Recital13-15_MID--AUDIO_15_R1_2018_wav--1.midi,520.215825937
validation,2014/MIDI-UNPROCESSED_14-15_R1_2014_MID--AUDIO_15_R1_2014_wav--3.midi,365.655350156
validation,2014/MIDI-UNPROCESSED_14-15_R1_2014_MID--AUDIO_15_R1_2014_wav--4.midi,319.910203594
train,2009/MIDI-Unprocessed_09_R1_2009_01-04_ORIG_MID--AUDIO_09_R1_2009_09_R1_2009_01_WAV.midi,232.765525781
train,2008/MIDI-Unprocessed_02_R3_2008_01-03_ORIG_MID--AUDIO_02_R3_2008_wav--3.midi,939.13367625
train,2006/MIDI-Unprocessed_08_R1_2006_01-04_ORIG_MID--AUDIO_08_R1_2006_Disk1_01_Track01_wav.midi,557.392605
train,2008/MIDI-Unprocessed_10_R3_2008_01-05_ORIG_MID--AUDIO_10_R3_2008_wav--4.midi,242.752161094
train,2013/ORIG-MIDI_03_7_10_13_Group_MID--AUDIO_18_R3_2013_wav--2.midi,918.021250781
train,2008/MIDI-Unprocessed_07_R3_2008_01-05_ORIG_MID--AUDIO_07_R3_2008_wav--3.midi,166.49556
train,2008/MIDI-Unprocessed_10_R3_2008_01-05_ORIG_MID--AUDIO_10_R3_2008_wav--3.midi,193.30108875
train,2008/MIDI-Unprocessed_07_R3_2008_01-05_ORIG_MID--AUDIO_07_R3_2008_wav--4.midi,212.295460781
train,2015/MIDI-Unprocessed_R1_D1-1-8_mid--AUDIO-from_mp3_02_R1_2015_wav--3.midi,482.755208333
train,2006/MIDI-Unprocessed_01_R1_2006_01-09_ORIG_MID--AUDIO_01_R1_2006_03_Track03_wav.midi,984.527594531
test,2014/MIDI-UNPROCESSED_09-10_R1_2014_MID--AUDIO_09_R1_2014_wav--4.midi,849.030935156
train,2009/MIDI-Unprocessed_11_R1_2009_01-05_ORIG_MID--AUDIO_11_R1_2009_11_R1_2009_02_WAV.midi,274.671199688
test,2009/MIDI-Unprocessed_11_R1_2009_01-05_ORIG_MID--AUDIO_11_R1_2009_11_R1_2009_04_WAV.midi,270.703522031
train,2009/MIDI-Unprocessed_11_R1_2009_01-05_ORIG_MID--AUDIO_11_R1_2009_11_R1_2009_03_WAV.midi,90.9961696875
train,2008/MIDI-Unprocessed_11_R2_2008_01-05_ORIG_MID--AUDIO_11_R2_2008_wav--2.midi,79.3348565625
test,2004/MIDI-Unprocessed_SMF_17_R1_2004_03-06_ORIG_MID--AUDIO_20_R2_2004_12_Track12_wav--1.midi,134.376478304
train,2006/MIDI-Unprocessed_18_R1_2006_01-05_ORIG_MID--AUDIO_18_R1_2006_02_Track02_wav.midi,242.578550156
train,2006/MIDI-Unprocessed_14_R1_2006_01-05_ORIG_MID--AUDIO_14_R1_2006_03_Track03_wav.midi,672.901303594
train,2004/MIDI-Unprocessed_XP_08_R1_2004_03_ORIG_MID--AUDIO_08_R1_2004_03_Track03_wav.midi,701.103700969
train,2014/MIDI-UNPROCESSED_09-10_R1_2014_MID--AUDIO_10_R1_2014_wav--4.midi,903.260314687
train,2006/MIDI-Unprocessed_24_R1_2006_01-05_ORIG_MID--AUDIO_24_R1_2006_02_Track02_wav.midi,679.697504063
train,2009/MIDI-Unprocessed_15_R1_2009_03-06_ORIG_MID--AUDIO_15_R1_2009_15_R1_2009_03_WAV.midi,924.171084375
train,2008/MIDI-Unprocessed_06_R2_2008_01-05_ORIG_MID--AUDIO_06_R2_2008_wav--4.midi,281.579579531
train,2018/MIDI-Unprocessed_Recital20_MID--AUDIO_20_R1_2018_wav--3.midi,845.710959844
train,2008/MIDI-Unprocessed_06_R2_2008_01-05_ORIG_MID--AUDIO_06_R2_2008_wav--5.midi,219.9784125
test,2011/MIDI-Unprocessed_04_R3_2011_MID--AUDIO_R3-D2_05_Track05_wav.midi,207.262079062
train,2011/MIDI-Unprocessed_15_R1_2011_MID--AUDIO_R1-D6_10_Track10_wav.midi,329.560300781
train,2017/MIDI-Unprocessed_071_PIANO071_MID--AUDIO-split_07-08-17_Piano-e_1-04_wav--4.midi,346.025013871
train,2018/MIDI-Unprocessed_Recital1-3_MID--AUDIO_02_R1_2018_wav--4.midi,349.685814844
train,2008/MIDI-Unprocessed_10_R3_2008_01-05_ORIG_MID--AUDIO_10_R3_2008_wav--2.midi,176.46349875
test,2008/MIDI-Unprocessed_05_R1_2008_01-04_ORIG_MID--AUDIO_05_R1_2008_wav--3.midi,345.819632813
test,2015/MIDI-Unprocessed_R2_D2-12-13-15_mid--AUDIO-from_mp3_12_R2_2015_wav--3.midi,738.958333333
train,2008/MIDI-Unprocessed_04_R2_2008_01-04_ORIG_MID--AUDIO_04_R2_2008_wav--1.midi,318.511967813
test,2018/MIDI-Unprocessed_Recital16_MID--AUDIO_16_R1_2018_wav--3.midi,247.761504375
train,2018/MIDI-Unprocessed_Recital9-11_MID--AUDIO_10_R1_2018_wav--3.midi,297.192544688
train,2014/MIDI-UNPROCESSED_06-08_R1_2014_MID--AUDIO_07_R1_2014_wav--5.midi,257.919079688
train,2004/MIDI-Unprocessed_SMF_12_01_2004_01-05_ORIG_MID--AUDIO_12_R1_2004_09_Track09_wav.midi,260.039831171
train,2013/ORIG-MIDI_01_7_8_13_Group__MID--AUDIO_02_R2_2013_wav--2.midi,179.321401875
train,2014/MIDI-UNPROCESSED_06-08_R1_2014_MID--AUDIO_08_R1_2014_wav--2.midi,2463.4804425
train,2015/MIDI-Unprocessed_R1_D1-1-8_mid--AUDIO-from_mp3_02_R1_2015_wav--4.midi,173.302083333
train,2013/ORIG-MIDI_01_7_8_13_Group__MID--AUDIO_02_R2_2013_wav--3.midi,240.3202725
train,2006/MIDI-Unprocessed_04_R1_2006_01-04_ORIG_MID--AUDIO_04_R1_2006_02_Track02_wav.midi,1184.04261937
test,2006/MIDI-Unprocessed_03_R1_2006_01-05_ORIG_MID--AUDIO_03_R1_2006_04_Track04_wav.midi,942.903704531
train,2006/MIDI-Unprocessed_05_R1_2006_01-05_ORIG_MID--AUDIO_05_R1_2006_02_Track02_wav.midi,727.226836875
validation,2006/MIDI-Unprocessed_22_R1_2006_01-04_ORIG_MID--AUDIO_22_R1_2006_02_Track02_wav.midi,1188.161205
validation,2018/MIDI-Unprocessed_Recital9-11_MID--AUDIO_10_R1_2018_wav--5.midi,1021.9006875
train,2018/MIDI-Unprocessed_Recital1-3_MID--AUDIO_01_R1_2018_wav--2.midi,632.269666875
train,2014/MIDI-UNPROCESSED_16-18_R1_2014_MID--AUDIO_16_R1_2014_wav--3.midi,706.374827813
train,2008/MIDI-Unprocessed_09_R3_2008_01-07_ORIG_MID--AUDIO_09_R3_2008_wav--3.midi,121.187111719
test,2008/MIDI-Unprocessed_09_R3_2008_01-07_ORIG_MID--AUDIO_09_R3_2008_wav--2.midi,65.9481178125
test,2008/MIDI-Unprocessed_09_R3_2008_01-07_ORIG_MID--AUDIO_09_R3_2008_wav--1.midi,205.774366875
test,2014/MIDI-UNPROCESSED_01-03_R1_2014_MID--AUDIO_01_R1_2014_wav--2.midi,146.682545625
train,2009/MIDI-Unprocessed_14_R1_2009_01-05_ORIG_MID--AUDIO_14_R1_2009_14_R1_2009_04_WAV.midi,298.063270313
train,2009/MIDI-Unprocessed_01_R1_2009_01-04_ORIG_MID--AUDIO_01_R1_2009_01_R1_2009_01_WAV.midi,95.0212725
train,2014/MIDI-UNPROCESSED_11-13_R1_2014_MID--AUDIO_13_R1_2014_wav--1.midi,317.398186875
train,2009/MIDI-Unprocessed_09_R1_2009_01-04_ORIG_MID--AUDIO_09_R1_2009_09_R1_2009_02_WAV.midi,167.319544219
test,2014/MIDI-UNPROCESSED_19-21_R3_2014_MID--AUDIO_21_R3_2014_wav--1.midi,241.6877925
train,2009/MIDI-Unprocessed_14_R1_2009_01-05_ORIG_MID--AUDIO_14_R1_2009_14_R1_2009_03_WAV.midi,132.728232656
train,2014/MIDI-UNPROCESSED_09-10_R1_2014_MID--AUDIO_10_R1_2014_wav--2.midi,174.2092275
train,2014/MIDI-UNPROCESSED_09-10_R1_2014_MID--AUDIO_10_R1_2014_wav--1.midi,79.7421745313
test,2014/MIDI-UNPROCESSED_01-03_R1_2014_MID--AUDIO_01_R1_2014_wav--1.midi,136.679884688
train,2009/MIDI-Unprocessed_01_R1_2009_01-04_ORIG_MID--AUDIO_01_R1_2009_01_R1_2009_02_WAV.midi,136.354030313
train,2014/MIDI-UNPROCESSED_19-21_R3_2014_MID--AUDIO_21_R3_2014_wav--2.midi,205.845146719
train,2014/MIDI-UNPROCESSED_11-13_R1_2014_MID--AUDIO_13_R1_2014_wav--2.midi,170.509979063
train,2009/MIDI-Unprocessed_02_R1_2009_01-02_ORIG_MID--AUDIO_02_R1_2009_02_R1_2009_01_WAV.midi,788.930835
test,2008/MIDI-Unprocessed_10_R2_2008_01-05_ORIG_MID--AUDIO_10_R2_2008_wav--2.midi,138.765886875
test,2018/MIDI-Unprocessed_Recital17-19_MID--AUDIO_18_R1_2018_wav--3.midi,140.121387656
train,2014/MIDI-UNPROCESSED_04-05_R1_2014_MID--AUDIO_04_R1_2014_wav--1.midi,139.008942187
train,2014/MIDI-UNPROCESSED_11-13_R1_2014_MID--AUDIO_11_R1_2014_wav--2.midi,201.390022969
test,2018/MIDI-Unprocessed_Recital9-11_MID--AUDIO_09_R1_2018_wav--5.midi,214.695298125
test,2014/MIDI-UNPROCESSED_11-13_R1_2014_MID--AUDIO_11_R1_2014_wav--1.midi,217.822965937
test,2008/MIDI-Unprocessed_10_R2_2008_01-05_ORIG_MID--AUDIO_10_R2_2008_wav--1.midi,95.9707907813
test,2017/MIDI-Unprocessed_083_PIANO083_MID--AUDIO-split_07-09-17_Piano-e_2_-06_wav--1.midi,239.784081463
train,2009/MIDI-Unprocessed_14_R1_2009_01-05_ORIG_MID--AUDIO_14_R1_2009_14_R1_2009_05_WAV.midi,143.520155625
train,2017/MIDI-Unprocessed_083_PIANO083_MID--AUDIO-split_07-09-17_Piano-e_2_-06_wav--2.midi,96.3852114708
test,2004/MIDI-Unprocessed_XP_04_R1_2004_03-05_ORIG_MID--AUDIO_04_R1_2004_06_Track06_wav.midi,196.015447394
test,2006/MIDI-Unprocessed_01_R1_2006_01-09_ORIG_MID--AUDIO_01_R1_2006_02_Track02_wav.midi,373.6107375
train,2014/MIDI-UNPROCESSED_21-22_R1_2014_MID--AUDIO_21_R1_2014_wav--1.midi,111.434183437
train,2014/MIDI-UNPROCESSED_21-22_R1_2014_MID--AUDIO_21_R1_2014_wav--3.midi,183.914078906
train,2014/MIDI-UNPROCESSED_21-22_R1_2014_MID--AUDIO_21_R1_2014_wav--2.midi,75.8452767188
validation,2008/MIDI-Unprocessed_02_R1_2008_01-05_ORIG_MID--AUDIO_02_R1_2008_wav--3.midi,76.0442615625
test,2017/MIDI-Unprocessed_059_PIANO059_MID--AUDIO-split_07-07-17_Piano-e_2-03_wav--4.midi,661.205093412
validation,2011/MIDI-Unprocessed_16_R1_2011_MID--AUDIO_R1-D6_15_Track15_wav.midi,359.457439688
train,2017/MIDI-Unprocessed_083_PIANO083_MID--AUDIO-split_07-09-17_Piano-e_2_-06_wav--4.midi,632.121902587
train,2011/MIDI-Unprocessed_23_R3_2011_MID--AUDIO_R3-D8_05_Track05_wav.midi,706.74074625
train,2011/MIDI-Unprocessed_16_R3_2011_MID--AUDIO_R3-D5_02_Track02_wav.midi,669.421072031
train,2008/MIDI-Unprocessed_07_R3_2008_01-05_ORIG_MID--AUDIO_07_R3_2008_wav--2.midi,690.980879531
train,2015/MIDI-Unprocessed_R2_D2-12-13-15_mid--AUDIO-from_mp3_15_R2_2015_wav--2.midi,709.402083333
train,2006/MIDI-Unprocessed_12_R1_2006_01-08_ORIG_MID--AUDIO_12_R1_2006_06_Track06_wav.midi,267.872328281
train,2011/MIDI-Unprocessed_03_R3_2011_MID--AUDIO_R3-D1_05_Track05_wav.midi,253.743068906
train,2008/MIDI-Unprocessed_08_R2_2008_01-04_ORIG_MID--AUDIO_08_R2_2008_wav--4.midi,261.753210469
train,2008/MIDI-Unprocessed_18_R1_2008_01-04_ORIG_MID--AUDIO_18_R1_2008_wav--4.midi,269.971685156
train,2011/MIDI-Unprocessed_17_R2_2011_MID--AUDIO_R2-D5_03_Track03_wav.midi,428.272808906
train,2014/MIDI-UNPROCESSED_09-10_R1_2014_MID--AUDIO_09_R1_2014_wav--2.midi,1027.3494
train,2014/MIDI-UNPROCESSED_04-08-12_R3_2014_MID--AUDIO_04_R3_2014_wav--1.midi,997.267966406
test,2013/ORIG-MIDI_02_7_6_13_Group__MID--AUDIO_08_R1_2013_wav--4.midi,219.655229063
train,2013/ORIG-MIDI_03_7_8_13_Group__MID--AUDIO_15_R2_2013_wav--2.midi,741.736704844
train,2011/MIDI-Unprocessed_16_R2_2011_MID--AUDIO_R2-D4_08_Track08_wav.midi,821.002117031
test,2008/MIDI-Unprocessed_14_R1_2008_01-05_ORIG_MID--AUDIO_14_R1_2008_wav--3.midi,168.182257031
train,2013/ORIG-MIDI_01_7_7_13_Group__MID--AUDIO_12_R1_2013_wav--4.midi,303.805785937
train,2008/MIDI-Unprocessed_11_R2_2008_01-05_ORIG_MID--AUDIO_11_R2_2008_wav--5.midi,376.477988906
test,2008/MIDI-Unprocessed_17_R1_2008_01-04_ORIG_MID--AUDIO_17_R1_2008_wav--3.midi,228.45062625
test,2013/ORIG-MIDI_02_7_6_13_Group__MID--AUDIO_08_R1_2013_wav--5.midi,161.806729219
train,2015/MIDI-Unprocessed_R1_D2-13-20_mid--AUDIO-from_mp3_16_R1_2015_wav--3.midi,290.866666667
test,2011/MIDI-Unprocessed_02_R1_2011_MID--AUDIO_R1-D1_10_Track10_wav.midi,154.977142031
train,2011/MIDI-Unprocessed_05_R1_2011_MID--AUDIO_R1-D2_11_Track11_wav.midi,263.861915625
train,2015/MIDI-Unprocessed_R1_D1-1-8_mid--AUDIO-from_mp3_06_R1_2015_wav--5.midi,273.5625
train,2011/MIDI-Unprocessed_08_R1_2011_MID--AUDIO_R1-D3_10_Track10_wav.midi,375.854325
train,2009/MIDI-Unprocessed_11_R1_2009_06-09_ORIG_MID--AUDIO_11_R1_2009_11_R1_2009_09_WAV.midi,984.984324844
validation,2008/MIDI-Unprocessed_15_R2_2008_01-04_ORIG_MID--AUDIO_15_R2_2008_wav--4.midi,630.147607031
train,2018/MIDI-Unprocessed_Recital1-3_MID--AUDIO_01_R1_2018_wav--3.midi,1610.85576094
train,2015/MIDI-Unprocessed_R1_D1-1-8_mid--AUDIO-from_mp3_02_R1_2015_wav--6.midi,276.421875
train,2015/MIDI-Unprocessed_R1_D1-9-12_mid--AUDIO-from_mp3_12_R1_2015_wav--5.midi,262.686458333
train,2017/MIDI-Unprocessed_066_PIANO066_MID--AUDIO-split_07-07-17_Piano-e_3-02_wav--4.midi,283.232586512
validation,2009/MIDI-Unprocessed_12_R1_2009_03-05_ORIG_MID--AUDIO_12_R1_2009_12_R1_2009_05_WAV.midi,608.523697031
train,2015/MIDI-Unprocessed_R1_D2-21-22_mid--AUDIO-from_mp3_22_R1_2015_wav--5.midi,335.35
train,2011/MIDI-Unprocessed_23_R2_2011_MID--AUDIO_R2-D6_04_Track04_wav.midi,334.736577656
validation,2011/MIDI-Unprocessed_03_R1_2011_MID--AUDIO_R1-D1_19_Track19_wav.midi,566.314871719
validation,2013/ORIG-MIDI_02_7_8_13_Group__MID--AUDIO_14_R2_2013_wav--4.midi,421.862558906
validation,2011/MIDI-Unprocessed_10_R1_2011_MID--AUDIO_R1-D4_05_Track05_wav.midi,507.396661406
validation,2013/ORIG-MIDI_01_7_8_13_Group__MID--AUDIO_02_R2_2013_wav--5.midi,313.966032187
validation,2015/MIDI-Unprocessed_R1_D1-1-8_mid--AUDIO-from_mp3_03_R1_2015_wav--4.midi,539.083333333
train,2017/MIDI-Unprocessed_081_PIANO081_MID--AUDIO-split_07-09-17_Piano-e_2_-02_wav--4.midi,386.800455096
test,2008/MIDI-Unprocessed_04_R1_2008_01-04_ORIG_MID--AUDIO_04_R1_2008_wav--4.midi,632.172177656
test,2015/MIDI-Unprocessed_R2_D2-12-13-15_mid--AUDIO-from_mp3_13_R2_2015_wav--4.midi,645.111458333
validation,2004/MIDI-Unprocessed_XP_11_R1_2004_03-04_ORIG_MID--AUDIO_11_R1_2004_04_Track04_wav.midi,569.204517423
train,2006/MIDI-Unprocessed_02_R1_2006_01-04_ORIG_MID--AUDIO_02_R1_2006_03_Track03_wav.midi,670.279778437
train,2013/ORIG-MIDI_02_7_8_13_Group__MID--AUDIO_11_R2_2013_wav--3.midi,662.270972344
train,2014/MIDI-UNPROCESSED_21-22_R1_2014_MID--AUDIO_21_R1_2014_wav--4.midi,682.626187031
train,2008/MIDI-Unprocessed_03_R2_2008_01-03_ORIG_MID--AUDIO_03_R2_2008_wav--3.midi,637.078689844
train,2013/ORIG-MIDI_03_7_6_13_Group__MID--AUDIO_09_R1_2013_wav--2.midi,274.468208438
train,2017/MIDI-Unprocessed_067_PIANO067_MID--AUDIO-split_07-07-17_Piano-e_3-03_wav--4.midi,421.584472688
train,2008/MIDI-Unprocessed_02_R1_2008_01-05_ORIG_MID--AUDIO_02_R1_2008_wav--4.midi,468.594616875
test,2006/MIDI-Unprocessed_07_R1_2006_01-04_ORIG_MID--AUDIO_07_R1_2006_04_Track04_wav.midi,995.665403906
train,2008/MIDI-Unprocessed_08_R3_2008_01-05_ORIG_MID--AUDIO_08_R3_2008_wav--2.midi,750.80053125
train,2011/MIDI-Unprocessed_25_R3_2011_MID--AUDIO_R3-D9_06_Track06_wav.midi,774.292762031
train,2013/ORIG-MIDI_02_7_10_13_Group_MID--AUDIO_12_R3_2013_wav--4.midi,771.030211875
train,2014/MIDI-UNPROCESSED_16-18_R1_2014_MID--AUDIO_17_R1_2014_wav--2.midi,794.788200938
train,2006/MIDI-Unprocessed_18_R1_2006_01-05_ORIG_MID--AUDIO_18_R1_2006_04_Track04_wav.midi,754.92445875
train,2009/MIDI-Unprocessed_15_R1_2009_03-06_ORIG_MID--AUDIO_15_R1_2009_15_R1_2009_06_WAV.midi,391.296350156
train,2011/MIDI-Unprocessed_09_R2_2011_MID--AUDIO_R2-D3_03_Track03_wav.midi,379.090165781
train,2008/MIDI-Unprocessed_03_R1_2008_01-04_ORIG_MID--AUDIO_03_R1_2008_wav--4.midi,421.416512344
test,2014/MIDI-UNPROCESSED_11-13_R1_2014_MID--AUDIO_13_R1_2014_wav--6.midi,977.023595625
train,2018/MIDI-Unprocessed_Recital4_MID--AUDIO_04_R1_2018_wav--5.midi,1700.13318234
train,2006/MIDI-Unprocessed_24_R1_2006_01-05_ORIG_MID--AUDIO_24_R1_2006_05_Track05_wav.midi,1396.30736437
train,2014/MIDI-UNPROCESSED_01-03_R1_2014_MID--AUDIO_02_R1_2014_wav--5.midi,1480.26561375
train,2008/MIDI-Unprocessed_17_R1_2008_01-04_ORIG_MID--AUDIO_17_R1_2008_wav--4.midi,398.729569219
validation,2009/MIDI-Unprocessed_04_R1_2009_04-06_ORIG_MID--AUDIO_04_R1_2009_04_R1_2009_04_WAV.midi,412.511606719
train,2009/MIDI-Unprocessed_04_R1_2009_04-06_ORIG_MID--AUDIO_04_R1_2009_04_R1_2009_05_WAV.midi,802.764955781
train,2015/MIDI-Unprocessed_R1_D2-13-20_mid--AUDIO-from_mp3_18_R1_2015_wav--4.midi,545.376041667
train,2008/MIDI-Unprocessed_10_R2_2008_01-05_ORIG_MID--AUDIO_10_R2_2008_wav--3.midi,532.707800625
train,2011/MIDI-Unprocessed_06_R3_2011_MID--AUDIO_R3-D3_06_Track06_wav.midi,487.864095469
train,2017/MIDI-Unprocessed_047_PIANO047_MID--AUDIO-split_07-06-17_Piano-e_2-04_wav--4.midi,504.102230742
validation,2009/MIDI-Unprocessed_16_R1_2009_03-06_ORIG_MID--AUDIO_16_R1_2009_16_R1_2009_03_WAV.midi,626.159897344
validation,2008/MIDI-Unprocessed_04_R3_2008_01-07_ORIG_MID--AUDIO_04_R3_2008_wav--2.midi,53.936911875
validation,2015/MIDI-Unprocessed_R1_D1-1-8_mid--AUDIO-from_mp3_06_R1_2015_wav--3.midi,45.1552083333
test,2013/ORIG-MIDI_01_7_7_13_Group__MID--AUDIO_13_R1_2013_wav--3.midi,257.278054688
test,2008/MIDI-Unprocessed_04_R3_2008_01-07_ORIG_MID--AUDIO_04_R3_2008_wav--6.midi,305.818337344
test,2018/MIDI-Unprocessed_Recital17-19_MID--AUDIO_19_R1_2018_wav--3.midi,235.22412375
test,2008/MIDI-Unprocessed_04_R3_2008_01-07_ORIG_MID--AUDIO_04_R3_2008_wav--7.midi,607.479360469
validation,2008/MIDI-Unprocessed_07_R1_2008_01-04_ORIG_MID--AUDIO_07_R1_2008_wav--3.midi,257.133824063
train,2015/MIDI-Unprocessed_R1_D1-1-8_mid--AUDIO-from_mp3_06_R1_2015_wav--4.midi,128.823958333
test,2008/MIDI-Unprocessed_04_R3_2008_01-07_ORIG_MID--AUDIO_04_R3_2008_wav--3.midi,260.515230938
train,2008/MIDI-Unprocessed_04_R3_2008_01-07_ORIG_MID--AUDIO_04_R3_2008_wav--4.midi,494.709708281
train,2015/MIDI-Unprocessed_R1_D2-13-20_mid--AUDIO-from_mp3_17_R1_2015_wav--4.midi,414.234375
train,2013/ORIG-MIDI_02_7_7_13_Group__MID--AUDIO_15_R1_2013_wav--3.midi,208.186223437
train,2014/MIDI-UNPROCESSED_09-10_R1_2014_MID--AUDIO_09_R1_2014_wav--3.midi,220.76901
train,2011/MIDI-Unprocessed_06_R2_2011_MID--AUDIO_R2-D2_07_Track07_wav.midi,215.347006875
test,2013/ORIG-MIDI_01_7_7_13_Group__MID--AUDIO_11_R1_2013_wav--4.midi,298.708301719
test,2011/MIDI-Unprocessed_14_R1_2011_MID--AUDIO_R1-D6_04_Track04_wav.midi,355.499110313
validation,2004/MIDI-Unprocessed_XP_01_R1_2004_04-05_ORIG_MID--AUDIO_01_R1_2004_05_Track05_wav.midi,510.89592875
test,2017/MIDI-Unprocessed_075_PIANO075_MID--AUDIO-split_07-08-17_Piano-e_2-06_wav--3.midi,381.608172846
train,2017/MIDI-Unprocessed_052_PIANO052_MID--AUDIO-split_07-06-17_Piano-e_3-03_wav--1.midi,286.726159138
train,2017/MIDI-Unprocessed_072_PIANO072_MID--AUDIO-split_07-08-17_Piano-e_1-06_wav--4.midi,549.447094021
validation,2015/MIDI-Unprocessed_R1_D1-1-8_mid--AUDIO-from_mp3_05_R1_2015_wav--1.midi,342.2875
train,2011/MIDI-Unprocessed_22_R3_2011_MID--AUDIO_R3-D7_09_Track09_wav.midi,403.523902031
train,2018/MIDI-Unprocessed_Recital17-19_MID--AUDIO_19_R1_2018_wav--4.midi,990.913806094
train,2014/MIDI-UNPROCESSED_04-05_R1_2014_MID--AUDIO_05_R1_2014_wav--8.midi,1033.23481078
test,2017/MIDI-Unprocessed_065_PIANO065_MID--AUDIO-split_07-07-17_Piano-e_3-01_wav--3.midi,267.455954417
validation,2017/MIDI-Unprocessed_055_PIANO055_MID--AUDIO-split_07-07-17_Piano-e_1-04_wav--3.midi,270.732647762
train,2017/MIDI-Unprocessed_050_PIANO050_MID--AUDIO-split_07-06-17_Piano-e_3-01_wav--3.midi,484.962367262
train,2017/MIDI-Unprocessed_047_PIANO047_MID--AUDIO-split_07-06-17_Piano-e_2-04_wav--2.midi,212.663487858
train,2011/MIDI-Unprocessed_03_R3_2011_MID--AUDIO_R3-D1_07_Track07_wav.midi,604.709598281
validation,2008/MIDI-Unprocessed_09_R3_2008_01-07_ORIG_MID--AUDIO_09_R3_2008_wav--7.midi,308.576080313
validation,2008/MIDI-Unprocessed_09_R2_2008_01-05_ORIG_MID--AUDIO_09_R2_2008_wav--5.midi,529.54006875
validation,2009/MIDI-Unprocessed_08_R1_2009_01-04_ORIG_MID--AUDIO_08_R1_2009_08_R1_2009_02_WAV.midi,336.379204219
test,2009/MIDI-Unprocessed_08_R1_2009_01-04_ORIG_MID--AUDIO_08_R1_2009_08_R1_2009_04_WAV.midi,274.736637656
test,2009/MIDI-Unprocessed_08_R1_2009_01-04_ORIG_MID--AUDIO_08_R1_2009_08_R1_2009_03_WAV.midi,236.42070375
test,2017/MIDI-Unprocessed_080_PIANO080_MID--AUDIO-split_07-09-17_Piano-e_1-06_wav--3.midi,1204.94174533
train,2008/MIDI-Unprocessed_06_R2_2008_01-05_ORIG_MID--AUDIO_06_R2_2008_wav--3.midi,584.943325313
train,2008/MIDI-Unprocessed_11_R2_2008_01-05_ORIG_MID--AUDIO_11_R2_2008_wav--3.midi,635.781949688
train,2017/MIDI-Unprocessed_081_PIANO081_MID--AUDIO-split_07-09-17_Piano-e_2_-02_wav--3.midi,566.241883521
train,2013/ORIG-MIDI_03_7_8_13_Group__MID--AUDIO_15_R2_2013_wav--1.midi,574.096648125
train,2011/MIDI-Unprocessed_03_R2_2011_MID--AUDIO_R2-D1_07_Track07_wav.midi,537.582261562
train,2013/ORIG-MIDI_02_7_8_13_Group__MID--AUDIO_08_R2_2013_wav--1.midi,638.698613438
train,2013/ORIG-MIDI_02_7_8_13_Group__MID--AUDIO_11_R2_2013_wav--1.midi,474.560155781
train,2017/MIDI-Unprocessed_080_PIANO080_MID--AUDIO-split_07-09-17_Piano-e_1-06_wav--1.midi,551.678920692
train,2013/ORIG-MIDI_03_7_8_13_Group__MID--AUDIO_18_R2_2013_wav--1.midi,717.590094375
train,2011/MIDI-Unprocessed_22_R2_2011_MID--AUDIO_R2-D5_08_Track08_wav.midi,407.183086406
test,2017/MIDI-Unprocessed_072_PIANO072_MID--AUDIO-split_07-08-17_Piano-e_1-06_wav--2.midi,376.731059992
test,2011/MIDI-Unprocessed_02_R2_2011_MID--AUDIO_R2-D1_02_Track02_wav.midi,329.194382344
train,2018/MIDI-Unprocessed_Recital9-11_MID--AUDIO_11_R1_2018_wav--1.midi,566.467115156
train,2013/ORIG-MIDI_01_7_8_13_Group__MID--AUDIO_04_R2_2013_wav--1.midi,519.358455
train,2017/MIDI-Unprocessed_079_PIANO079_MID--AUDIO-split_07-09-17_Piano-e_1-04_wav--2.midi,559.081662196
train,2011/MIDI-Unprocessed_25_R2_2011_MID--AUDIO_R2-D6_07_Track07_wav.midi,566.914497188
train,2008/MIDI-Unprocessed_02_R2_2008_01-05_ORIG_MID--AUDIO_02_R2_2008_wav--1.midi,223.212917812
train,2008/MIDI-Unprocessed_09_R2_2008_01-05_ORIG_MID--AUDIO_09_R2_2008_wav--1.midi,264.608442656
train,2015/MIDI-Unprocessed_R2_D2-19-21-22_mid--AUDIO-from_mp3_22_R2_2015_wav--1.midi,287.720833333
train,2017/MIDI-Unprocessed_070_PIANO070_MID--AUDIO-split_07-08-17_Piano-e_1-02_wav--1.midi,287.37038675
train,2013/ORIG-MIDI_01_7_8_13_Group__MID--AUDIO_03_R2_2013_wav--2.midi,267.370192031
train,2008/MIDI-Unprocessed_17_R2_2008_01-04_ORIG_MID--AUDIO_17_R2_2008_wav--3.midi,300.25611
train,2015/MIDI-Unprocessed_R2_D2-12-13-15_mid--AUDIO-from_mp3_15_R2_2015_wav--1.midi,366.34375
train,2017/MIDI-Unprocessed_082_PIANO082_MID--AUDIO-split_07-09-17_Piano-e_2_-04_wav--3.midi,327.167200292
train,2013/ORIG-MIDI_03_7_8_13_Group__MID--AUDIO_17_R2_2013_wav--2.midi,357.281961094
train,2011/MIDI-Unprocessed_16_R2_2011_MID--AUDIO_R2-D4_09_Track09_wav.midi,258.665606719
test,2015/MIDI-Unprocessed_R2_D2-19-21-22_mid--AUDIO-from_mp3_19_R2_2015_wav--3.midi,366.94375
train,2011/MIDI-Unprocessed_12_R2_2011_MID--AUDIO_R2-D4_04_Track04_wav.midi,307.356797344
train,2013/ORIG-MIDI_03_7_8_13_Group__MID--AUDIO_19_R2_2013_wav--1.midi,445.906338281
train,2018/MIDI-Unprocessed_Recital12_MID--AUDIO_12_R1_2018_wav--3.midi,644.389045781
train,2004/MIDI-Unprocessed_SMF_17_R1_2004_01-03_ORIG_MID--AUDIO_17_R1_2004_02_Track02_wav--1.midi,340.525040821
validation,2015/MIDI-Unprocessed_R2_D2-12-13-15_mid--AUDIO-from_mp3_12_R2_2015_wav--2.midi,351.030208333
test,2013/ORIG-MIDI_01_7_8_13_Group__MID--AUDIO_07_R2_2013_wav--2.midi,414.592267031
test,2011/MIDI-Unprocessed_23_R2_2011_MID--AUDIO_R2-D6_03_Track03_wav.midi,320.264102813
validation,2008/MIDI-Unprocessed_15_R2_2008_01-04_ORIG_MID--AUDIO_15_R2_2008_wav--2.midi,106.156410937
train,2006/MIDI-Unprocessed_16_R2_2006_01_ORIG_MID--AUDIO_16_R2_2006_01_Track01_wav.midi,849.484994531
train,2006/MIDI-Unprocessed_16_R2_2006_01_ORIG_MID--AUDIO_16_R2_2006_02_Track02_wav.midi,592.003948594
train,2006/MIDI-Unprocessed_16_R2_2006_01_ORIG_MID--AUDIO_16_R2_2006_03_Track03_wav.midi,719.690786719
train,2006/MIDI-Unprocessed_08_R2_2006_01_ORIG_MID--AUDIO_08_R2_2006_01_Track01_wav.midi,677.290989375
train,2006/MIDI-Unprocessed_08_R2_2006_01_ORIG_MID--AUDIO_08_R2_2006_02_Track02_wav.midi,427.673183437
train,2006/MIDI-Unprocessed_08_R2_2006_01_ORIG_MID--AUDIO_08_R2_2006_03_Track03_wav.midi,844.489005937
train,2006/MIDI-Unprocessed_07_R2_2006_01_ORIG_MID--AUDIO_07_R2_2006_04_Track04_wav.midi,648.601114219
test,2017/MIDI-Unprocessed_078_PIANO078_MID--AUDIO-split_07-09-17_Piano-e_1-02_wav--2.midi,903.514803525
test,2017/MIDI-Unprocessed_071_PIANO071_MID--AUDIO-split_07-08-17_Piano-e_1-04_wav--2.midi,342.161784937
train,2014/MIDI-UNPROCESSED_19-20-21_R2_2014_MID--AUDIO_19_R2_2014_wav.midi,2453.07847641
train,2018/MIDI-Unprocessed_Schubert1-3_MID--AUDIO_07_R2_2018_wav.midi,2244.51297984
test,2013/ORIG-MIDI_02_7_10_13_Group_MID--AUDIO_12_R3_2013_wav--2.midi,339.792662344
train,2006/MIDI-Unprocessed_23_R2_2006_01_ORIG_MID--AUDIO_23_R2_2006_04_Track04_wav.midi,272.511746719
test,2017/MIDI-Unprocessed_083_PIANO083_MID--AUDIO-split_07-09-17_Piano-e_2_-06_wav--3.midi,308.591436612
train,2009/MIDI-Unprocessed_09_R2_2009_01_ORIG_MID--AUDIO_09_R2_2009_09_R2_2009_01_WAV.midi,463.744194375
train,2009/MIDI-Unprocessed_09_R2_2009_01_ORIG_MID--AUDIO_09_R2_2009_09_R2_2009_02_WAV.midi,398.837742187
train,2009/MIDI-Unprocessed_09_R2_2009_01_ORIG_MID--AUDIO_09_R2_2009_09_R2_2009_03_WAV.midi,280.387005938
train,2009/MIDI-Unprocessed_09_R2_2009_01_ORIG_MID--AUDIO_09_R2_2009_09_R2_2009_04_WAV.midi,293.561405156
test,2018/MIDI-Unprocessed_Recital9-11_MID--AUDIO_09_R1_2018_wav--1.midi,1371.54510281
train,2018/MIDI-Unprocessed_Schubert1-3_MID--AUDIO_02_R2_2018_wav.midi,1846.46449969
train,2014/MIDI-UNPROCESSED_04-07-08-10-12-15-17_R2_2014_MID--AUDIO_15_R2_2014_wav.midi,1682.59847766
train,2009/MIDI-Unprocessed_21_R2_2009_01_ORIG_MID--AUDIO_21_R2_2009_21_R2_2009_01_WAV.midi,908.675640469
train,2009/MIDI-Unprocessed_21_R2_2009_01_ORIG_MID--AUDIO_21_R2_2009_21_R2_2009_02_WAV.midi,635.457430781
train,2009/MIDI-Unprocessed_21_R2_2009_01_ORIG_MID--AUDIO_21_R2_2009_21_R2_2009_03_WAV.midi,216.3032025
train,2009/MIDI-Unprocessed_21_R2_2009_01_ORIG_MID--AUDIO_21_R2_2009_21_R2_2009_04_WAV.midi,434.902075781
train,2009/MIDI-Unprocessed_10_R2_2009_01_ORIG_MID--AUDIO_10_R2_2009_10_R2_2009_01_WAV.midi,949.83879375
train,2014/MIDI-UNPROCESSED_04-07-08-10-12-15-17_R2_2014_MID--AUDIO_12_R2_2014_wav.midi,2624.66350781
train,2009/MIDI-Unprocessed_10_R2_2009_01_ORIG_MID--AUDIO_10_R2_2009_10_R2_2009_02_WAV.midi,672.761079375
train,2009/MIDI-Unprocessed_10_R2_2009_01_ORIG_MID--AUDIO_10_R2_2009_10_R2_2009_03_WAV.midi,220.921253438
train,2009/MIDI-Unprocessed_10_R2_2009_01_ORIG_MID--AUDIO_10_R2_2009_10_R2_2009_04_WAV.midi,515.92897125
train,2018/MIDI-Unprocessed_Schubert4-6_MID--AUDIO_10_R2_2018_wav.midi,2421.89528109
train,2009/MIDI-Unprocessed_17_R2_2009_01_ORIG_MID--AUDIO_17_R2_2009_17_R2_2009_01_WAV.midi,475.983765469
train,2009/MIDI-Unprocessed_17_R2_2009_01_ORIG_MID--AUDIO_17_R2_2009_17_R2_2009_02_WAV.midi,488.363560781
train,2009/MIDI-Unprocessed_17_R2_2009_01_ORIG_MID--AUDIO_17_R2_2009_17_R2_2009_03_WAV.midi,203.632275
train,2009/MIDI-Unprocessed_17_R2_2009_01_ORIG_MID--AUDIO_17_R2_2009_17_R2_2009_04_WAV.midi,521.642106562
test,2009/MIDI-Unprocessed_16_R2_2009_01_ORIG_MID--AUDIO_16_R2_2009_16_R2_2009_01_WAV.midi,704.256774375
test,2009/MIDI-Unprocessed_16_R2_2009_01_ORIG_MID--AUDIO_16_R2_2009_16_R2_2009_02_WAV.midi,540.345346406
validation,2009/MIDI-Unprocessed_16_R2_2009_01_ORIG_MID--AUDIO_16_R2_2009_16_R2_2009_03_WAV.midi,312.578480156
test,2009/MIDI-Unprocessed_16_R2_2009_01_ORIG_MID--AUDIO_16_R2_2009_16_R2_2009_04_WAV.midi,529.414534688
train,2009/MIDI-Unprocessed_12_R2_2009_01_ORIG_MID--AUDIO_12_R2_2009_12_R2_2009_01_WAV.midi,493.521141094
train,2014/MIDI-UNPROCESSED_19-20-21_R2_2014_MID--AUDIO_21_R2_2014_wav.midi,1766.21885344
train,2009/MIDI-Unprocessed_12_R2_2009_01_ORIG_MID--AUDIO_12_R2_2009_12_R2_2009_02_WAV.midi,573.772129219
train,2009/MIDI-Unprocessed_12_R2_2009_01_ORIG_MID--AUDIO_12_R2_2009_12_R2_2009_03_WAV.midi,151.10027625
train,2009/MIDI-Unprocessed_12_R2_2009_01_ORIG_MID--AUDIO_12_R2_2009_12_R2_2009_04_WAV.midi,560.5763625
train,2018/MIDI-Unprocessed_Schubert7-9_MID--AUDIO_16_R2_2018_wav.midi,1758.36229078
test,2014/MIDI-UNPROCESSED_19-20-21_R2_2014_MID--AUDIO_20_R2_2014_wav.midi,1579.19446781
train,2014/MIDI-UNPROCESSED_04-07-08-10-12-15-17_R2_2014_MID--AUDIO_10_R2_2014_wav.midi,1974.04316484
train,2018/MIDI-Unprocessed_Schubert10-12_MID--AUDIO_20_R2_2018_wav.midi,2346.84060188
train,2018/MIDI-Unprocessed_Schubert10-12_MID--AUDIO_18_R2_2018_wav.midi,1990.15425984
train,2004/MIDI-Unprocessed_XP_17_R2_2004_01_ORIG_MID--AUDIO_17_R2_2004_04_Track04_wav.midi,506.776282783
train,2009/MIDI-Unprocessed_19_R2_2009_01_ORIG_MID--AUDIO_19_R2_2009_19_R2_2009_01_WAV.midi,928.51402875
train,2009/MIDI-Unprocessed_19_R2_2009_01_ORIG_MID--AUDIO_19_R2_2009_19_R2_2009_02_WAV.midi,459.31578
train,2009/MIDI-Unprocessed_19_R2_2009_01_ORIG_MID--AUDIO_19_R2_2009_19_R2_2009_03_WAV.midi,241.472782031
train,2009/MIDI-Unprocessed_19_R2_2009_01_ORIG_MID--AUDIO_19_R2_2009_19_R2_2009_04_WAV.midi,460.102371094
train,2004/MIDI-Unprocessed_XP_20_R2_2004_01_ORIG_MID--AUDIO_20_R1_2004_03_Track03_wav.midi,685.919985077
test,2009/MIDI-Unprocessed_03_R1_2009_03-08_ORIG_MID--AUDIO_03_R1_2009_03_R1_2009_03_WAV.midi,442.276534219
test,2006/MIDI-Unprocessed_10_R1_2006_01-04_ORIG_MID--AUDIO_10_R1_2006_03_Track03_wav.midi,1263.03426047
validation,2018/MIDI-Unprocessed_Recital9-11_MID--AUDIO_09_R1_2018_wav--3.midi,301.624965469
train,2011/MIDI-Unprocessed_03_R2_2011_MID--AUDIO_R2-D1_08_Track08_wav.midi,207.156577031
train,2006/MIDI-Unprocessed_11_R1_2006_01-06_ORIG_MID--AUDIO_11_R1_2006_04_Track04_wav.midi,503.913758906
test,2018/MIDI-Unprocessed_Recital9-11_MID--AUDIO_09_R1_2018_wav--2.midi,199.135751719
test,2004/MIDI-Unprocessed_XP_18_R1_2004_01-02_ORIG_MID--AUDIO_18_R1_2004_05_Track05_wav.midi,249.113581352
train,2011/MIDI-Unprocessed_25_R2_2011_MID--AUDIO_R2-D6_08_Track08_wav.midi,332.408855625
train,2011/MIDI-Unprocessed_12_R2_2011_MID--AUDIO_R2-D4_05_Track05_wav.midi,157.473133125
train,2015/MIDI-Unprocessed_R1_D2-21-22_mid--AUDIO-from_mp3_21_R1_2015_wav--4.midi,126.815625
train,2011/MIDI-Unprocessed_17_R2_2011_MID--AUDIO_R2-D5_06_Track06_wav.midi,369.954224062
train,2004/MIDI-Unprocessed_SMF_05_R1_2004_01_ORIG_MID--AUDIO_05_R1_2004_03_Track03_wav.midi,327.327025835
train,2004/MIDI-Unprocessed_XP_06_R1_2004_01_ORIG_MID--AUDIO_06_R1_2004_01_Track01_wav.midi,2398.64035989
train,2008/MIDI-Unprocessed_11_R3_2008_01-04_ORIG_MID--AUDIO_11_R3_2008_wav--4.midi,819.874981406
train,2009/MIDI-Unprocessed_21_R1_2009_01-03_ORIG_MID--AUDIO_21_R1_2009_21_R1_2009_03_WAV.midi,794.2513425
train,2011/MIDI-Unprocessed_06_R1_2011_MID--AUDIO_R1-D2_17_Track17_wav.midi,761.139730313
train,2017/MIDI-Unprocessed_082_PIANO082_MID--AUDIO-split_07-09-17_Piano-e_2_-04_wav--2.midi,824.448951633
train,2013/ORIG-MIDI_01_7_7_13_Group__MID--AUDIO_14_R1_2013_wav--4.midi,769.017660469
train,2006/MIDI-Unprocessed_04_R1_2006_01-04_ORIG_MID--AUDIO_04_R1_2006_01_Track01_wav.midi,603.939032813
train,2017/MIDI-Unprocessed_046_PIANO046_MID--AUDIO-split_07-06-17_Piano-e_2-02_wav--4.midi,558.778244879
train,2008/MIDI-Unprocessed_02_R3_2008_01-03_ORIG_MID--AUDIO_02_R3_2008_wav--2.midi,340.642020469
train,2017/MIDI-Unprocessed_050_PIANO050_MID--AUDIO-split_07-06-17_Piano-e_3-01_wav--4.midi,459.913344704
train,2011/MIDI-Unprocessed_10_R2_2011_MID--AUDIO_R2-D3_11_Track11_wav.midi,424.21966125
train,2017/MIDI-Unprocessed_051_PIANO051_MID--AUDIO-split_07-06-17_Piano-e_3-02_wav--4.midi,641.490446425
train,2008/MIDI-Unprocessed_09_R3_2008_01-07_ORIG_MID--AUDIO_09_R3_2008_wav--5.midi,628.508986875
train,2006/MIDI-Unprocessed_13_R1_2006_01-06_ORIG_MID--AUDIO_13_R1_2006_06_Track06_wav.midi,486.925260938
train,2013/ORIG-MIDI_03_7_10_13_Group_MID--AUDIO_18_R3_2013_wav--1.midi,499.187535
train,2017/MIDI-Unprocessed_049_PIANO049_MID--AUDIO-split_07-06-17_Piano-e_2-06_wav--5.midi,519.593607825
validation,2008/MIDI-Unprocessed_14_R1_2008_01-05_ORIG_MID--AUDIO_14_R1_2008_wav--4.midi,261.343221562
validation,2017/MIDI-Unprocessed_083_PIANO083_MID--AUDIO-split_07-09-17_Piano-e_2_-06_wav--5.midi,265.093786504
validation,2014/MIDI-UNPROCESSED_04-05_R1_2014_MID--AUDIO_05_R1_2014_wav--4.midi,256.01470125
validation,2011/MIDI-Unprocessed_25_R3_2011_MID--AUDIO_R3-D9_05_Track05_wav.midi,293.0552625
train,2004/MIDI-Unprocessed_SMF_17_R1_2004_04_ORIG_MID--AUDIO_17_R1_2004_11_Track11_wav.midi,604.44159296
train,2013/ORIG-MIDI_02_7_7_13_Group__MID--AUDIO_19_R1_2013_wav--3.midi,114.585889687
train,2017/MIDI-Unprocessed_059_PIANO059_MID--AUDIO-split_07-07-17_Piano-e_2-03_wav--3.midi,114.474866421
train,2017/MIDI-Unprocessed_053_PIANO053_MID--AUDIO-split_07-06-17_Piano-e_3-04_wav--2.midi,124.78143985
test,2015/MIDI-Unprocessed_R1_D2-21-22_mid--AUDIO-from_mp3_22_R1_2015_wav--3.midi,157.636458333
test,2011/MIDI-Unprocessed_07_R1_2011_MID--AUDIO_R1-D3_03_Track03_wav.midi,138.094146094
train,2013/ORIG-MIDI_02_7_6_13_Group__MID--AUDIO_06_R1_2013_wav--3.midi,70.726425
train,2017/MIDI-Unprocessed_070_PIANO070_MID--AUDIO-split_07-08-17_Piano-e_1-02_wav--2.midi,79.48679
train,2013/ORIG-MIDI_01_7_7_13_Group__MID--AUDIO_14_R1_2013_wav--3.midi,111.881565469
train,2011/MIDI-Unprocessed_21_R1_2011_MID--AUDIO_R1-D8_09_Track09_wav.midi,123.152921719
train,2017/MIDI-Unprocessed_067_PIANO067_MID--AUDIO-split_07-07-17_Piano-e_3-03_wav--3.midi,112.612696058
validation,2017/MIDI-Unprocessed_062_PIANO062_MID--AUDIO-split_07-07-17_Piano-e_2-07_wav--3.midi,98.7099864042
train,2013/ORIG-MIDI_02_7_7_13_Group__MID--AUDIO_17_R1_2013_wav--3.midi,125.043945469
train,2011/MIDI-Unprocessed_19_R1_2011_MID--AUDIO_R1-D7_14_Track14_wav.midi,149.950437656
train,2013/ORIG-MIDI_03_7_6_13_Group__MID--AUDIO_10_R1_2013_wav--3.midi,136.072246406
train,2017/MIDI-Unprocessed_057_PIANO057_MID--AUDIO-split_07-07-17_Piano-e_1-07_wav--4.midi,143.456562017
train,2013/ORIG-MIDI_02_7_7_13_Group__MID--AUDIO_18_R1_2013_wav--5.midi,250.193392969
train,2017/MIDI-Unprocessed_041_PIANO041_MID--AUDIO-split_07-06-17_Piano-e_1-01_wav--3.midi,237.363153154
train,2013/ORIG-MIDI_02_7_8_13_Group__MID--AUDIO_08_R2_2013_wav--2.midi,193.874004844
train,2017/MIDI-Unprocessed_051_PIANO051_MID--AUDIO-split_07-06-17_Piano-e_3-02_wav--3.midi,219.964734133
train,2015/MIDI-Unprocessed_R1_D2-13-20_mid--AUDIO-from_mp3_14_R1_2015_wav--4.midi,156.28125
train,2011/MIDI-Unprocessed_09_R1_2011_MID--AUDIO_R1-D3_14_Track14_wav.midi,137.845748906
train,2008/MIDI-Unprocessed_09_R2_2008_01-05_ORIG_MID--AUDIO_09_R2_2008_wav--2.midi,181.853450625
train,2013/ORIG-MIDI_01_7_6_13_Group__MID--AUDIO_03_R1_2013_wav--3.midi,120.675627187
train,2011/MIDI-Unprocessed_06_R1_2011_MID--AUDIO_R1-D2_16_Track16_wav.midi,110.455284844
train,2014/MIDI-UNPROCESSED_16-18_R1_2014_MID--AUDIO_18_R1_2014_wav--4.midi,221.737224844
train,2014/MIDI-UNPROCESSED_16-18_R1_2014_MID--AUDIO_18_R1_2014_wav--3.midi,150.433877344
train,2011/MIDI-Unprocessed_24_R1_2011_MID--AUDIO_R1-D9_10_Track10_wav.midi,143.597612813
test,2011/MIDI-Unprocessed_24_R1_2011_MID--AUDIO_R1-D9_11_Track11_wav.midi,124.808902969
train,2013/ORIG-MIDI_01_7_8_13_Group__MID--AUDIO_03_R2_2013_wav--1.midi,656.746138125
validation,2017/MIDI-Unprocessed_061_PIANO061_MID--AUDIO-split_07-07-17_Piano-e_2-05_wav--3.midi,715.326623087
validation,2009/MIDI-Unprocessed_06_R1_2009_03-07_ORIG_MID--AUDIO_06_R1_2009_06_R1_2009_06_WAV.midi,766.870226719
train,2013/ORIG-MIDI_01_7_7_13_Group__MID--AUDIO_11_R1_2013_wav--3.midi,265.483174688
validation,2011/MIDI-Unprocessed_12_R3_2011_MID--AUDIO_R3-D4_02_Track02_wav.midi,137.6280675
train,2013/ORIG-MIDI_02_7_7_13_Group__MID--AUDIO_16_R1_2013_wav--3.midi,235.214775469
validation,2008/MIDI-Unprocessed_07_R2_2008_01-05_ORIG_MID--AUDIO_07_R2_2008_wav--3.midi,124.491061406
validation,2014/MIDI-UNPROCESSED_04-05_R1_2014_MID--AUDIO_05_R1_2014_wav--5.midi,121.519643437
validation,2008/MIDI-Unprocessed_07_R2_2008_01-05_ORIG_MID--AUDIO_07_R2_2008_wav--2.midi,94.3936021875
validation,2014/MIDI-UNPROCESSED_04-08-12_R3_2014_MID--AUDIO_12_R3_2014_wav--2.midi,775.889982656
test,2015/MIDI-Unprocessed_R1_D1-9-12_mid--AUDIO-from_mp3_12_R1_2015_wav--3.midi,240.451041667
test,2011/MIDI-Unprocessed_22_R2_2011_MID--AUDIO_R2-D5_10_Track10_wav.midi,293.216854219
validation,2017/MIDI-Unprocessed_058_PIANO058_MID--AUDIO-split_07-07-17_Piano-e_2-02_wav--4.midi,341.238712538
validation,2011/MIDI-Unprocessed_02_R2_2011_MID--AUDIO_R2-D1_03_Track03_wav.midi,261.275112656
validation,2015/MIDI-Unprocessed_R1_D1-1-8_mid--AUDIO-from_mp3_01_R1_2015_wav--2.midi,297.4875
validation,2015/MIDI-Unprocessed_R1_D1-1-8_mid--AUDIO-from_mp3_04_R1_2015_wav--3.midi,278.460416667
validation,2017/MIDI-Unprocessed_072_PIANO072_MID--AUDIO-split_07-08-17_Piano-e_1-06_wav--3.midi,405.313184896
validation,2009/MIDI-Unprocessed_06_R1_2009_03-07_ORIG_MID--AUDIO_06_R1_2009_06_R1_2009_05_WAV.midi,371.021263594
validation,2011/MIDI-Unprocessed_06_R3_2011_MID--AUDIO_R3-D3_05_Track05_wav.midi,220.688881875
test,2014/MIDI-UNPROCESSED_01-03_R1_2014_MID--AUDIO_03_R1_2014_wav--4.midi,352.914978281
validation,2008/MIDI-Unprocessed_16_R1_2008_01-04_ORIG_MID--AUDIO_16_R1_2008_wav--3.midi,295.043775469
train,2014/MIDI-UNPROCESSED_04-05_R1_2014_MID--AUDIO_05_R1_2014_wav--6.midi,230.862482812
test,2017/MIDI-Unprocessed_057_PIANO057_MID--AUDIO-split_07-07-17_Piano-e_1-07_wav--3.midi,302.6908245
validation,2006/MIDI-Unprocessed_19_R1_2006_01-07_ORIG_MID--AUDIO_19_R1_2006_07_Track07_wav.midi,355.499110313
validation,2013/ORIG-MIDI_03_7_8_13_Group__MID--AUDIO_18_R2_2013_wav--3.midi,278.441227969
test,2008/MIDI-Unprocessed_17_R2_2008_01-04_ORIG_MID--AUDIO_17_R2_2008_wav--1.midi,230.070549844
test,2008/MIDI-Unprocessed_09_R2_2008_01-05_ORIG_MID--AUDIO_09_R2_2008_wav--3.midi,423.697492969
test,2006/MIDI-Unprocessed_15_R1_2006_01-05_ORIG_MID--AUDIO_15_R1_2006_02_Track02_wav.midi,662.006549531
test,2011/MIDI-Unprocessed_22_R2_2011_MID--AUDIO_R2-D5_11_Track11_wav.midi,379.931511094
test,2006/MIDI-Unprocessed_17_R1_2006_01-06_ORIG_MID--AUDIO_17_R1_2006_02_Track02_wav.midi,779.016315
test,2008/MIDI-Unprocessed_12_R1_2008_01-04_ORIG_MID--AUDIO_12_R1_2008_wav--4.midi,664.581333281
test,2009/MIDI-Unprocessed_07_R1_2009_01-03_ORIG_MID--AUDIO_07_R1_2009_07_R1_2009_03_WAV.midi,779.399594531
train,2015/MIDI-Unprocessed_R1_D1-1-8_mid--AUDIO-from_mp3_02_R1_2015_wav--5.midi,151.232291667
train,2009/MIDI-Unprocessed_17_R1_2009_04_ORIG_MID--AUDIO_17_R1_2009_17_R1_2009_04_WAV.midi,2622.72440719
test,2011/MIDI-Unprocessed_19_R1_2011_MID--AUDIO_R1-D7_15_Track15_wav.midi,610.798000312
test,2013/ORIG-MIDI_01_7_6_13_Group__MID--AUDIO_04_R1_2013_wav--4.midi,496.481875313
validation,2011/MIDI-Unprocessed_07_R1_2011_MID--AUDIO_R1-D3_05_Track05_wav.midi,527.487453281
validation,2013/ORIG-MIDI_03_7_6_13_Group__MID--AUDIO_10_R1_2013_wav--4.midi,555.1917525
train,2014/MIDI-UNPROCESSED_06-08_R1_2014_MID--AUDIO_07_R1_2014_wav--3.midi,578.37549
train,2017/MIDI-Unprocessed_057_PIANO057_MID--AUDIO-split_07-07-17_Piano-e_1-07_wav--5.midi,581.174502658
train,2017/MIDI-Unprocessed_062_PIANO062_MID--AUDIO-split_07-07-17_Piano-e_2-07_wav--4.midi,577.134992537
train,2009/MIDI-Unprocessed_06_R1_2009_03-07_ORIG_MID--AUDIO_06_R1_2009_06_R1_2009_07_WAV.midi,565.314605625
train,2006/MIDI-Unprocessed_01_R1_2006_01-09_ORIG_MID--AUDIO_01_R1_2006_05_Track05_wav.midi,433.202024063
train,2015/MIDI-Unprocessed_R1_D1-1-8_mid--AUDIO-from_mp3_05_R1_2015_wav--5.midi,418.929166667
train,2011/MIDI-Unprocessed_23_R1_2011_MID--AUDIO_R1-D9_04_Track04_wav.midi,688.719930938
train,2017/MIDI-Unprocessed_053_PIANO053_MID--AUDIO-split_07-06-17_Piano-e_3-04_wav--4.midi,655.006405837
train,2006/MIDI-Unprocessed_07_R1_2006_01-04_ORIG_MID--AUDIO_07_R1_2006_03_Track03_wav.midi,1442.79636703
test,2013/ORIG-MIDI_02_7_10_13_Group_MID--AUDIO_14_R3_2013_wav--2.midi,1127.25314625
train,2006/MIDI-Unprocessed_20_R1_2006_01-04_ORIG_MID--AUDIO_20_R1_2006_04_Track04_wav.midi,1611.38460656
train,2018/MIDI-Unprocessed_Chamber5_MID--AUDIO_18_R3_2018_wav--1.midi,1607.37152297
train,2014/MIDI-UNPROCESSED_21-22_R1_2014_MID--AUDIO_22_R1_2014_wav--5.midi,1458.97557094
train,2013/ORIG-MIDI_03_7_8_13_Group__MID--AUDIO_18_R2_2013_wav--4.midi,528.9951975
train,2017/MIDI-Unprocessed_052_PIANO052_MID--AUDIO-split_07-06-17_Piano-e_3-03_wav--5.midi,507.502855104
train,2004/MIDI-Unprocessed_XP_18_R1_2004_04_ORIG_MID--AUDIO_18_R1_2004_07_Track07_wav.midi,1442.05450661
train,2011/MIDI-Unprocessed_11_R1_2011_MID--AUDIO_R1-D4_11_Track11_wav.midi,117.120609375
test,2015/MIDI-Unprocessed_R1_D2-13-20_mid--AUDIO-from_mp3_15_R1_2015_wav--4.midi,304.59375
validation,2009/MIDI-Unprocessed_07_R1_2009_01-03_ORIG_MID--AUDIO_07_R1_2009_07_R1_2009_02_WAV.midi,1424.93313703
train,2006/MIDI-Unprocessed_06_R1_2006_01-04_ORIG_MID--AUDIO_06_R1_2006_04_Track04_wav.midi,1364.70483188
train,2009/MIDI-Unprocessed_18_R1_2009_01-03_ORIG_MID--AUDIO_18_R1_2009_18_R1_2009_01_WAV.midi,329.032790625
train,2018/MIDI-Unprocessed_Recital1-3_MID--AUDIO_01_R1_2018_wav--1.midi,328.904585625
train,2017/MIDI-Unprocessed_079_PIANO079_MID--AUDIO-split_07-09-17_Piano-e_1-04_wav--1.midi,453.091796933
train,2009/MIDI-Unprocessed_12_R1_2009_01-02_ORIG_MID--AUDIO_12_R1_2009_12_R1_2009_01_WAV.midi,856.080874687
train,2014/MIDI-UNPROCESSED_11-13_R1_2014_MID--AUDIO_12_R1_2014_wav--2.midi,524.597498906
train,2017/MIDI-Unprocessed_058_PIANO058_MID--AUDIO-split_07-07-17_Piano-e_2-02_wav--5.midi,336.530402275
train,2017/MIDI-Unprocessed_051_PIANO051_MID--AUDIO-split_07-06-17_Piano-e_3-02_wav--5.midi,231.487113571
train,2006/MIDI-Unprocessed_15_R1_2006_01-05_ORIG_MID--AUDIO_15_R1_2006_04_Track04_wav.midi,423.490495313
train,2014/MIDI-UNPROCESSED_21-22_R1_2014_MID--AUDIO_21_R1_2014_wav--7.midi,538.800209063
train,2009/MIDI-Unprocessed_03_R1_2009_03-08_ORIG_MID--AUDIO_03_R1_2009_03_R1_2009_06_WAV.midi,308.694937031
train,2009/MIDI-Unprocessed_14_R1_2009_01-05_ORIG_MID--AUDIO_14_R1_2009_14_R1_2009_02_WAV.midi,316.343166563
train,2006/MIDI-Unprocessed_05_R1_2006_01-05_ORIG_MID--AUDIO_05_R1_2006_03_Track03_wav.midi,1245.62375438
train,2004/MIDI-Unprocessed_XP_04_R1_2004_03-05_ORIG_MID--AUDIO_04_R1_2004_05_Track05_wav.midi,291.849566392
train,2009/MIDI-Unprocessed_03_R1_2009_03-08_ORIG_MID--AUDIO_03_R1_2009_03_R1_2009_08_WAV.midi,336.871992188
train,2004/MIDI-Unprocessed_SMF_17_R1_2004_03-06_ORIG_MID--AUDIO_20_R2_2004_08_Track08_wav.midi,259.816541231
train,2009/MIDI-Unprocessed_03_R1_2009_03-08_ORIG_MID--AUDIO_03_R1_2009_03_R1_2009_07_WAV.midi,171.362008125
train,2006/MIDI-Unprocessed_11_R1_2006_01-06_ORIG_MID--AUDIO_11_R1_2006_01_Track01_wav.midi,334.854098906
train,2004/MIDI-Unprocessed_XP_11_R1_2004_01-02_ORIG_MID--AUDIO_11_R1_2004_01_Track01_wav.midi,688.398610244
train,2008/MIDI-Unprocessed_06_R2_2008_01-05_ORIG_MID--AUDIO_06_R2_2008_wav--1.midi,172.9699125
train,2015/MIDI-Unprocessed_R2_D2-19-21-22_mid--AUDIO-from_mp3_19_R2_2015_wav--1.midi,711.303125
train,2009/MIDI-Unprocessed_06_R1_2009_03-07_ORIG_MID--AUDIO_06_R1_2009_06_R1_2009_03_WAV.midi,131.834804063
train,2009/MIDI-Unprocessed_06_R1_2009_03-07_ORIG_MID--AUDIO_06_R1_2009_06_R1_2009_04_WAV.midi,125.185505156
train,2015/MIDI-Unprocessed_R1_D1-1-8_mid--AUDIO-from_mp3_08_R1_2015_wav--1.midi,285.801041667
train,2013/ORIG-MIDI_01_7_10_13_Group_MID--AUDIO_08_R3_2013_wav--2.midi,821.342661563
train,2008/MIDI-Unprocessed_08_R1_2008_01-05_ORIG_MID--AUDIO_08_R1_2008_wav--1.midi,168.862010625
train,2004/MIDI-Unprocessed_SMF_22_R1_2004_01-04_ORIG_MID--AUDIO_22_R1_2004_05_Track05_wav.midi,130.60752069
train,2014/MIDI-UNPROCESSED_16-18_R1_2014_MID--AUDIO_18_R1_2014_wav--1.midi,784.858990781
train,2018/MIDI-Unprocessed_Recital13-15_MID--AUDIO_14_R1_2018_wav--1.midi,732.789064219
train,2015/MIDI-Unprocessed_R2_D1-2-3-6-7-8-11_mid--AUDIO-from_mp3_07_R2_2015_wav--1.midi,771.034375
test,2013/ORIG-MIDI_01_7_10_13_Group_MID--AUDIO_07_R3_2013_wav--1.midi,442.826747344
train,2014/MIDI-UNPROCESSED_14-15_R1_2014_MID--AUDIO_14_R1_2014_wav--1.midi,951.542851875
train,2013/ORIG-MIDI_02_7_8_13_Group__MID--AUDIO_12_R2_2013_wav--1.midi,265.774306875
train,2018/MIDI-Unprocessed_Chamber4_MID--AUDIO_11_R3_2018_wav--1.midi,1091.69094891
train,2009/MIDI-Unprocessed_10_R1_2009_01-02_ORIG_MID--AUDIO_10_R1_2009_10_R1_2009_01_WAV.midi,1286.67739922
train,2014/MIDI-UNPROCESSED_06-08_R1_2014_MID--AUDIO_07_R1_2014_wav--2.midi,1133.65805437
train,2006/MIDI-Unprocessed_19_R1_2006_01-07_ORIG_MID--AUDIO_19_R1_2006_01_Track01_wav.midi,290.666108906
train,2013/ORIG-MIDI_01_7_6_13_Group__MID--AUDIO_02_R1_2013_wav--1.midi,323.019174844
train,2004/MIDI-Unprocessed_SMF_17_R1_2004_01-02_ORIG_MID--AUDIO_20_R2_2004_02_Track02_wav.midi,311.725576133
test,2011/MIDI-Unprocessed_11_R1_2011_MID--AUDIO_R1-D4_07_Track07_wav.midi,297.515728125
test,2015/MIDI-Unprocessed_R1_D1-1-8_mid--AUDIO-from_mp3_02_R1_2015_wav--1.midi,227.335416667
train,2015/MIDI-Unprocessed_R1_D2-13-20_mid--AUDIO-from_mp3_16_R1_2015_wav--1.midi,211.635416667
train,2015/MIDI-Unprocessed_R1_D2-13-20_mid--AUDIO-from_mp3_13_R1_2015_wav--1.midi,173.611458333
train,2017/MIDI-Unprocessed_067_PIANO067_MID--AUDIO-split_07-07-17_Piano-e_3-03_wav--1.midi,309.229254
train,2011/MIDI-Unprocessed_06_R1_2011_MID--AUDIO_R1-D2_14_Track14_wav.midi,241.37796375
train,2013/ORIG-MIDI_03_7_6_13_Group__MID--AUDIO_09_R1_2013_wav--1.midi,220.773016406
train,2017/MIDI-Unprocessed_062_PIANO062_MID--AUDIO-split_07-07-17_Piano-e_2-07_wav--2.midi,215.636763887
test,2008/MIDI-Unprocessed_13_R1_2008_01-04_ORIG_MID--AUDIO_13_R1_2008_wav--1.midi,230.553989531
test,2013/ORIG-MIDI_01_7_6_13_Group__MID--AUDIO_04_R1_2013_wav--1.midi,208.19423625
validation,2014/MIDI-UNPROCESSED_01-03_R1_2014_MID--AUDIO_03_R1_2014_wav--2.midi,188.697727969
train,2017/MIDI-Unprocessed_055_PIANO055_MID--AUDIO-split_07-07-17_Piano-e_1-04_wav--1.midi,347.093384704
train,2008/MIDI-Unprocessed_09_R1_2008_01-05_ORIG_MID--AUDIO_09_R1_2008_wav--1.midi,224.950362656
train,2013/ORIG-MIDI_03_7_6_13_Group__MID--AUDIO_10_R1_2013_wav--1.midi,254.6792325
test,2004/MIDI-Unprocessed_XP_03_R1_2004_01-02_ORIG_MID--AUDIO_03_R1_2004_01_Track01_wav.midi,420.449614371
train,2011/MIDI-Unprocessed_16_R1_2011_MID--AUDIO_R1-D6_12_Track12_wav.midi,337.989779531
test,2008/MIDI-Unprocessed_03_R1_2008_01-04_ORIG_MID--AUDIO_03_R1_2008_wav--1.midi,360.5338275
train,2015/MIDI-Unprocessed_R1_D2-13-20_mid--AUDIO-from_mp3_17_R1_2015_wav--1.midi,233.179166667
train,2014/MIDI-UNPROCESSED_16-18_R1_2014_MID--AUDIO_16_R1_2014_wav--1.midi,239.887580625
train,2015/MIDI-Unprocessed_R1_D2-13-20_mid--AUDIO-from_mp3_20_R1_2015_wav--1.midi,258.54375
train,2011/MIDI-Unprocessed_21_R1_2011_MID--AUDIO_R1-D8_07_Track07_wav.midi,238.729729219
train,2011/MIDI-Unprocessed_24_R1_2011_MID--AUDIO_R1-D9_08_Track08_wav.midi,202.549209844
train,2011/MIDI-Unprocessed_12_R1_2011_MID--AUDIO_R1-D4_15_Track15_wav.midi,202.95919875
validation,2014/MIDI-UNPROCESSED_01-03_R1_2014_MID--AUDIO_02_R1_2014_wav--1.midi,328.45052625
train,2013/ORIG-MIDI_01_7_7_13_Group__MID--AUDIO_13_R1_2013_wav--1.midi,208.537451719
train,2008/MIDI-Unprocessed_10_R1_2008_01-04_ORIG_MID--AUDIO_10_R1_2008_wav--1.midi,195.688906875
train,2017/MIDI-Unprocessed_059_PIANO059_MID--AUDIO-split_07-07-17_Piano-e_2-03_wav--1.midi,194.047126088
validation,2018/MIDI-Unprocessed_Recital4_MID--AUDIO_04_R1_2018_wav--1.midi,454.246340625
validation,2008/MIDI-Unprocessed_17_R1_2008_01-04_ORIG_MID--AUDIO_17_R1_2008_wav--1.midi,322.878950625
validation,2017/MIDI-Unprocessed_044_PIANO044_MID--AUDIO-split_07-06-17_Piano-e_1-04_wav--1.midi,439.36964195
test,2008/MIDI-Unprocessed_11_R3_2008_01-04_ORIG_MID--AUDIO_11_R3_2008_wav--1.midi,381.53808
train,2018/MIDI-Unprocessed_Recital17-19_MID--AUDIO_17_R1_2018_wav--1.midi,313.288949531
test,2017/MIDI-Unprocessed_053_PIANO053_MID--AUDIO-split_07-06-17_Piano-e_3-04_wav--1.midi,208.622909367
train,2011/MIDI-Unprocessed_01_R1_2011_MID--AUDIO_R1-D1_03_Track03_wav.midi,171.830757656
validation,2004/MIDI-Unprocessed_XP_09_R1_2004_01-02_ORIG_MID--AUDIO_09_R1_2004_01_Track01_wav.midi,203.718416123
train,2011/MIDI-Unprocessed_23_R1_2011_MID--AUDIO_R1-D9_02_Track02_wav.midi,220.760997188
validation,2011/MIDI-Unprocessed_14_R1_2011_MID--AUDIO_R1-D6_02_Track02_wav.midi,228.760455
validation,2017/MIDI-Unprocessed_065_PIANO065_MID--AUDIO-split_07-07-17_Piano-e_3-01_wav--1.midi,208.592994983
test,2008/MIDI-Unprocessed_14_R1_2008_01-05_ORIG_MID--AUDIO_14_R1_2008_wav--1.midi,230.445816562
train,2017/MIDI-Unprocessed_049_PIANO049_MID--AUDIO-split_07-06-17_Piano-e_2-06_wav--1.midi,229.831138779
test,2013/ORIG-MIDI_01_7_7_13_Group__MID--AUDIO_11_R1_2013_wav--1.midi,388.630754531
train,2017/MIDI-Unprocessed_051_PIANO051_MID--AUDIO-split_07-06-17_Piano-e_3-02_wav--1.midi,150.834730992
train,2015/MIDI-Unprocessed_R1_D1-1-8_mid--AUDIO-from_mp3_04_R1_2015_wav--1.midi,159.4875
test,2015/MIDI-Unprocessed_R1_D1-9-12_mid--AUDIO-from_mp3_11_R1_2015_wav--2.midi,201.866666667
train,2008/MIDI-Unprocessed_01_R1_2008_01-04_ORIG_MID--AUDIO_01_R1_2008_wav--1.midi,342.303343594
train,2017/MIDI-Unprocessed_061_PIANO061_MID--AUDIO-split_07-07-17_Piano-e_2-05_wav--1.midi,246.290459838
train,2017/MIDI-Unprocessed_058_PIANO058_MID--AUDIO-split_07-07-17_Piano-e_2-02_wav--1.midi,511.423776062
train,2017/MIDI-Unprocessed_047_PIANO047_MID--AUDIO-split_07-06-17_Piano-e_2-04_wav--3.midi,483.489083883
train,2015/MIDI-Unprocessed_R1_D1-1-8_mid--AUDIO-from_mp3_06_R1_2015_wav--1.midi,127.639583333
train,2008/MIDI-Unprocessed_16_R1_2008_01-04_ORIG_MID--AUDIO_16_R1_2008_wav--1.midi,269.760681094
train,2017/MIDI-Unprocessed_066_PIANO066_MID--AUDIO-split_07-07-17_Piano-e_3-02_wav--1.midi,302.413048083
train,2008/MIDI-Unprocessed_11_R1_2008_01-04_ORIG_MID--AUDIO_11_R1_2008_wav--1.midi,336.694374844
train,2017/MIDI-Unprocessed_048_PIANO048_MID--AUDIO-split_07-06-17_Piano-e_2-05_wav--1.midi,348.258977283
test,2011/MIDI-Unprocessed_07_R1_2011_MID--AUDIO_R1-D3_02_Track02_wav.midi,219.032900625
validation,2008/MIDI-Unprocessed_05_R1_2008_01-04_ORIG_MID--AUDIO_05_R1_2008_wav--1.midi,437.084231719
validation,2015/MIDI-Unprocessed_R1_D1-9-12_mid--AUDIO-from_mp3_10_R1_2015_wav--1.midi,348.580208333
validation,2017/MIDI-Unprocessed_050_PIANO050_MID--AUDIO-split_07-06-17_Piano-e_3-01_wav--1.midi,449.358909242
train,2008/MIDI-Unprocessed_18_R1_2008_01-04_ORIG_MID--AUDIO_18_R1_2008_wav--1.midi,215.842465781
train,2017/MIDI-Unprocessed_057_PIANO057_MID--AUDIO-split_07-07-17_Piano-e_1-07_wav--1.midi,223.305529729
train,2017/MIDI-Unprocessed_060_PIANO060_MID--AUDIO-split_07-07-17_Piano-e_2-04_wav--1.midi,137.286720454
train,2008/MIDI-Unprocessed_04_R1_2008_01-04_ORIG_MID--AUDIO_04_R1_2008_wav--1.midi,349.715195156
train,2011/MIDI-Unprocessed_20_R1_2011_MID--AUDIO_R1-D8_02_Track02_wav.midi,303.6535425
train,2011/MIDI-Unprocessed_22_R1_2011_MID--AUDIO_R1-D8_12_Track12_wav.midi,45.1695595313
test,2017/MIDI-Unprocessed_056_PIANO056_MID--AUDIO-split_07-07-17_Piano-e_1-05_wav--1.midi,268.404667717
train,2015/MIDI-Unprocessed_R1_D1-1-8_mid--AUDIO-from_mp3_03_R1_2015_wav--1.midi,472.302083333
train,2013/ORIG-MIDI_02_7_7_13_Group__MID--AUDIO_16_R1_2013_wav--1.midi,182.581281094
train,2013/ORIG-MIDI_01_7_6_13_Group__MID--AUDIO_01_R1_2013_wav--1.midi,444.076746094
train,2011/MIDI-Unprocessed_02_R1_2011_MID--AUDIO_R1-D1_08_Track08_wav.midi,246.539550469
train,2011/MIDI-Unprocessed_17_R1_2011_MID--AUDIO_R1-D7_02_Track02_wav.midi,156.930932813
train,2013/ORIG-MIDI_02_7_7_13_Group__MID--AUDIO_19_R1_2013_wav--1.midi,468.700118906
train,2011/MIDI-Unprocessed_10_R1_2011_MID--AUDIO_R1-D4_02_Track02_wav.midi,460.567114219
train,2014/MIDI-UNPROCESSED_06-08_R1_2014_MID--AUDIO_06_R1_2014_wav--1.midi,342.48897375
train,2014/MIDI-UNPROCESSED_19-20_R1_2014_MID--AUDIO_19_R1_2014_wav--1.midi,601.358907187
train,2015/MIDI-Unprocessed_R1_D1-1-8_mid--AUDIO-from_mp3_01_R1_2015_wav--1.midi,365.110416667
train,2013/ORIG-MIDI_02_7_7_13_Group__MID--AUDIO_18_R1_2013_wav--4.midi,262.753476562
train,2004/MIDI-Unprocessed_XP_14_R1_2004_01-03_ORIG_MID--AUDIO_14_R1_2004_01_Track01_wav.midi,273.688295181
train,2004/MIDI-Unprocessed_XP_10_R1_2004_01-02_ORIG_MID--AUDIO_10_R1_2004_01_Track01_wav.midi,202.363719265
train,2006/MIDI-Unprocessed_07_R1_2006_01-04_ORIG_MID--AUDIO_07_R1_2006_01_Track01_wav.midi,839.471649844
train,2014/MIDI-UNPROCESSED_06-08_R1_2014_MID--AUDIO_07_R1_2014_wav--7.midi,801.396100313
train,2004/MIDI-Unprocessed_SMF_13_01_2004_01-05_ORIG_MID--AUDIO_13_R1_2004_02_Track02_wav.midi,832.292416525
train,2006/MIDI-Unprocessed_21_R1_2006_01-04_ORIG_MID--AUDIO_21_R1_2006_01_Track01_wav.midi,530.895569531
train,2011/MIDI-Unprocessed_25_R3_2011_MID--AUDIO_R3-D9_03_Track03_wav.midi,362.185802344
train,2006/MIDI-Unprocessed_20_R1_2006_01-04_ORIG_MID--AUDIO_20_R1_2006_01_Track01_wav.midi,871.552280156
train,2014/MIDI-UNPROCESSED_04-05_R1_2014_MID--AUDIO_05_R1_2014_wav--2.midi,204.798139219
train,2015/MIDI-Unprocessed_R1_D2-21-22_mid--AUDIO-from_mp3_21_R1_2015_wav--5.midi,373.027083333
validation,2004/MIDI-Unprocessed_XP_14_R1_2004_01-03_ORIG_MID--AUDIO_14_R1_2004_03_Track03_wav.midi,1064.85903814
train,2017/MIDI-Unprocessed_074_PIANO074_MID--AUDIO-split_07-08-17_Piano-e_2-04_wav--3.midi,982.801808179
train,2006/MIDI-Unprocessed_02_R1_2006_01-04_ORIG_MID--AUDIO_02_R1_2006_02_Track02_wav.midi,1357.78443281
train,2014/MIDI-UNPROCESSED_01-03_R1_2014_MID--AUDIO_01_R1_2014_wav--3.midi,1278.59914875
train,2008/MIDI-Unprocessed_11_R1_2008_01-04_ORIG_MID--AUDIO_11_R1_2008_wav--3.midi,322.240596563
validation,2018/MIDI-Unprocessed_Chamber3_MID--AUDIO_10_R3_2018_wav--2.midi,834.47566125
train,2017/MIDI-Unprocessed_054_PIANO054_MID--AUDIO-split_07-07-17_Piano-e_1-02_wav--4.midi,611.940377546
train,2008/MIDI-Unprocessed_13_R1_2008_01-04_ORIG_MID--AUDIO_13_R1_2008_wav--4.midi,667.405849687
train,2009/MIDI-Unprocessed_20_R1_2009_06-07_ORIG_MID--AUDIO_20_R1_2009_20_R1_2009_06_WAV.midi,1275.88948266
validation,2015/MIDI-Unprocessed_R1_D2-13-20_mid--AUDIO-from_mp3_14_R1_2015_wav--3.midi,551.766666667
train,2013/ORIG-MIDI_03_7_10_13_Group_MID--AUDIO_17_R3_2013_wav--3.midi,1335.99759563
test,2009/MIDI-Unprocessed_15_R1_2009_01-02_ORIG_MID--AUDIO_15_R1_2009_15_R1_2009_02_WAV.midi,1445.39919563
validation,2006/MIDI-Unprocessed_19_R1_2006_01-07_ORIG_MID--AUDIO_19_R1_2006_03_Track03_wav.midi,1673.36504672
validation,2009/MIDI-Unprocessed_09_R1_2009_05-06_ORIG_MID--AUDIO_09_R1_2009_09_R1_2009_05_WAV.midi,1577.25002531
train,2009/MIDI-Unprocessed_18_R1_2009_04_ORIG_MID--AUDIO_18_R1_2009_18_R1_2009_04_WAV.midi,1998.331335
train,2006/MIDI-Unprocessed_12_R1_2006_01-08_ORIG_MID--AUDIO_12_R1_2006_01_Track01_wav.midi,2008.69323703
train,2004/MIDI-Unprocessed_SMF_07_R1_2004_01_ORIG_MID--AUDIO_07_R1_2004_06_Track06_wav.midi,662.274755685
train,2014/MIDI-UNPROCESSED_11-13_R1_2014_MID--AUDIO_11_R1_2014_wav--3.midi,1476.86016844
train,2018/MIDI-Unprocessed_Recital5-7_MID--AUDIO_05_R1_2018_wav--2.midi,1556.83337906
train,2015/MIDI-Unprocessed_R2_D2-19-21-22_mid--AUDIO-from_mp3_21_R2_2015_wav--3.midi,636.198958333
train,2013/ORIG-MIDI_01_7_8_13_Group__MID--AUDIO_07_R2_2013_wav--1.midi,678.292590937
train,2004/MIDI-Unprocessed_XP_04_R1_2004_01-02_ORIG_MID--AUDIO_04_R1_2004_01_Track01_wav.midi,1479.74136125
train,2004/MIDI-Unprocessed_XP_15_R1_2004_01-02_ORIG_MID--AUDIO_15_R1_2004_02_Track02_wav.midi,1449.01922965
validation,2006/MIDI-Unprocessed_08_R1_2006_01-04_ORIG_MID--AUDIO_08_R1_2006_Disk1_02_Track02_wav.midi,558.522411562
train,2014/MIDI-UNPROCESSED_19-20_R1_2014_MID--AUDIO_20_R1_2014_wav--1.midi,790.4906625
train,2006/MIDI-Unprocessed_19_R1_2006_01-07_ORIG_MID--AUDIO_19_R1_2006_02_Track02_wav.midi,507.451415625
validation,2006/MIDI-Unprocessed_23_R1_2006_01-05_ORIG_MID--AUDIO_23_R1_2006_02_Track02_wav.midi,830.483945156
train,2006/MIDI-Unprocessed_22_R1_2006_01-04_ORIG_MID--AUDIO_22_R1_2006_01_Track01_wav.midi,1030.59325359
test,2011/MIDI-Unprocessed_04_R1_2011_MID--AUDIO_R1-D2_03_Track03_wav.midi,298.232874844
train,2017/MIDI-Unprocessed_042_PIANO042_MID--AUDIO-split_07-06-17_Piano-e_1-02_wav--3.midi,349.392518737
train,2015/MIDI-Unprocessed_R1_D2-13-20_mid--AUDIO-from_mp3_19_R1_2015_wav--2.midi,362.353125
train,2013/ORIG-MIDI_03_7_6_13_Group__MID--AUDIO_10_R1_2013_wav--2.midi,276.880065
validation,2011/MIDI-Unprocessed_03_R3_2011_MID--AUDIO_R3-D1_03_Track03_wav.midi,128.60029875
train,2009/MIDI-Unprocessed_12_R1_2009_03-05_ORIG_MID--AUDIO_12_R1_2009_12_R1_2009_03_WAV.midi,885.980684531
train,2015/MIDI-Unprocessed_R1_D2-21-22_mid--AUDIO-from_mp3_21_R1_2015_wav--2.midi,314.383333333
train,2014/MIDI-UNPROCESSED_21-22_R1_2014_MID--AUDIO_22_R1_2014_wav--1.midi,705.326484844
train,2004/MIDI-Unprocessed_SMF_13_01_2004_01-05_ORIG_MID--AUDIO_13_R1_2004_10_Track10_wav.midi,136.290196233
train,2013/ORIG-MIDI_02_7_7_13_Group__MID--AUDIO_17_R1_2013_wav--2.midi,320.065117969
train,2008/MIDI-Unprocessed_04_R1_2008_01-04_ORIG_MID--AUDIO_04_R1_2008_wav--2.midi,325.782259688
test,2008/MIDI-Unprocessed_12_R1_2008_01-04_ORIG_MID--AUDIO_12_R1_2008_wav--1.midi,300.520532812
test,2013/ORIG-MIDI_02_7_7_13_Group__MID--AUDIO_19_R1_2013_wav--2.midi,322.507690313
train,2018/MIDI-Unprocessed_Recital8_MID--AUDIO_08_R1_2018_wav--1.midi,809.594542969
test,2004/MIDI-Unprocessed_XP_19_R1_2004_01-02_ORIG_MID--AUDIO_19_R1_2004_02_Track02_wav.midi,272.176547504
train,2008/MIDI-Unprocessed_13_R1_2008_01-04_ORIG_MID--AUDIO_13_R1_2008_wav--2.midi,190.071925313
test,2015/MIDI-Unprocessed_R1_D1-1-8_mid--AUDIO-from_mp3_04_R1_2015_wav--2.midi,299.194791667
train,2015/MIDI-Unprocessed_R1_D2-13-20_mid--AUDIO-from_mp3_14_R1_2015_wav--2.midi,339.421875
train,2013/ORIG-MIDI_02_7_7_13_Group__MID--AUDIO_15_R1_2013_wav--2.midi,334.624398281
train,2011/MIDI-Unprocessed_12_R1_2011_MID--AUDIO_R1-D4_13_Track13_wav.midi,330.695449219
train,2017/MIDI-Unprocessed_054_PIANO054_MID--AUDIO-split_07-07-17_Piano-e_1-02_wav--2.midi,341.064568092
train,2018/MIDI-Unprocessed_Recital5-7_MID--AUDIO_07_R1_2018_wav--1.midi,945.389011875
test,2011/MIDI-Unprocessed_05_R1_2011_MID--AUDIO_R1-D2_10_Track10_wav.midi,186.908199844
train,2015/MIDI-Unprocessed_R1_D1-1-8_mid--AUDIO-from_mp3_02_R1_2015_wav--2.midi,207.125
train,2018/MIDI-Unprocessed_Recital9-11_MID--AUDIO_10_R1_2018_wav--1.midi,855.393108281
train,2015/MIDI-Unprocessed_R1_D2-13-20_mid--AUDIO-from_mp3_19_R1_2015_wav--4.midi,217.770833333
train,2018/MIDI-Unprocessed_Recital13-15_MID--AUDIO_14_R1_2018_wav--4.midi,837.561929531
train,2009/MIDI-Unprocessed_10_R1_2009_03-05_ORIG_MID--AUDIO_10_R1_2009_10_R1_2009_04_WAV.midi,891.962249063
validation,2004/MIDI-Unprocessed_SMF_13_01_2004_01-05_ORIG_MID--AUDIO_13_R1_2004_05_Track05_wav.midi,1402.55462314
validation,2018/MIDI-Unprocessed_Chamber6_MID--AUDIO_20_R3_2018_wav--1.midi,524.024582813
train,2006/MIDI-Unprocessed_11_R1_2006_01-06_ORIG_MID--AUDIO_11_R1_2006_02_Track02_wav.midi,1108.03708641
train,2014/MIDI-UNPROCESSED_04-08-12_R3_2014_MID--AUDIO_12_R3_2014_wav--1.midi,1158.83297578
train,2009/MIDI-Unprocessed_10_R1_2009_01-02_ORIG_MID--AUDIO_10_R1_2009_10_R1_2009_02_WAV.midi,1136.37306234
validation,2004/MIDI-Unprocessed_XP_10_R1_2004_01-02_ORIG_MID--AUDIO_10_R1_2004_02_Track02_wav.midi,1314.69697633
train,2014/MIDI-UNPROCESSED_14-15_R1_2014_MID--AUDIO_15_R1_2014_wav--1.midi,527.932164375
test,2018/MIDI-Unprocessed_Recital13-15_MID--AUDIO_14_R1_2018_wav--3.midi,359.744565469
test,2014/MIDI-UNPROCESSED_14-15_R1_2014_MID--AUDIO_15_R1_2014_wav--2.midi,338.34367875
test,2011/MIDI-Unprocessed_09_R1_2011_MID--AUDIO_R1-D3_13_Track13_wav.midi,278.940693281
validation,2015/MIDI-Unprocessed_R1_D2-13-20_mid--AUDIO-from_mp3_13_R1_2015_wav--2.midi,318.44375
validation,2014/MIDI-UNPROCESSED_16-18_R1_2014_MID--AUDIO_16_R1_2014_wav--2.midi,1320.41401078
validation,2017/MIDI-Unprocessed_058_PIANO058_MID--AUDIO-split_07-07-17_Piano-e_2-02_wav--3.midi,321.794363371
test,2008/MIDI-Unprocessed_06_R1_2008_01-04_ORIG_MID--AUDIO_06_R1_2008_wav--2.midi,405.62993625
test,2017/MIDI-Unprocessed_044_PIANO044_MID--AUDIO-split_07-06-17_Piano-e_1-04_wav--2.midi,454.737088017
test,2017/MIDI-Unprocessed_049_PIANO049_MID--AUDIO-split_07-06-17_Piano-e_2-06_wav--2.midi,306.104269312
test,2008/MIDI-Unprocessed_05_R1_2008_01-04_ORIG_MID--AUDIO_05_R1_2008_wav--2.midi,283.811147812
test,2008/MIDI-Unprocessed_17_R1_2008_01-04_ORIG_MID--AUDIO_17_R1_2008_wav--2.midi,277.578515156
test,2015/MIDI-Unprocessed_R1_D1-1-8_mid--AUDIO-from_mp3_06_R1_2015_wav--2.midi,876.420833333
train,2011/MIDI-Unprocessed_19_R1_2011_MID--AUDIO_R1-D7_13_Track13_wav.midi,451.611460781
train,2011/MIDI-Unprocessed_15_R1_2011_MID--AUDIO_R1-D6_08_Track08_wav.midi,360.045045937
train,2013/ORIG-MIDI_02_7_6_13_Group__MID--AUDIO_08_R1_2013_wav--2.midi,340.150567969
train,2017/MIDI-Unprocessed_057_PIANO057_MID--AUDIO-split_07-07-17_Piano-e_1-07_wav--2.midi,384.556876346
test,2008/MIDI-Unprocessed_18_R1_2008_01-04_ORIG_MID--AUDIO_18_R1_2008_wav--2.midi,352.347404063
test,2014/MIDI-UNPROCESSED_04-05_R1_2014_MID--AUDIO_04_R1_2014_wav--2.midi,1206.21807797
test,2017/MIDI-Unprocessed_066_PIANO066_MID--AUDIO-split_07-07-17_Piano-e_3-02_wav--2.midi,353.245063963
train,2009/MIDI-Unprocessed_11_R1_2009_01-05_ORIG_MID--AUDIO_11_R1_2009_11_R1_2009_01_WAV.midi,1344.34026891
train,2018/MIDI-Unprocessed_Recital17-19_MID--AUDIO_18_R1_2018_wav--1.midi,1306.74014625
train,2011/MIDI-Unprocessed_18_R1_2011_MID--AUDIO_R1-D7_08_Track08_wav.midi,489.6789975
train,2013/ORIG-MIDI_01_7_6_13_Group__MID--AUDIO_03_R1_2013_wav--2.midi,534.701655469
train,2008/MIDI-Unprocessed_15_R1_2008_01-04_ORIG_MID--AUDIO_15_R1_2008_wav--2.midi,481.751655
train,2015/MIDI-Unprocessed_R1_D1-1-8_mid--AUDIO-from_mp3_08_R1_2015_wav--2.midi,504.610416667
train,2013/ORIG-MIDI_02_7_6_13_Group__MID--AUDIO_05_R1_2013_wav--2.midi,506.996020781
train,2014/MIDI-UNPROCESSED_01-03_R1_2014_MID--AUDIO_03_R1_2014_wav--3.midi,470.289326719
train,2017/MIDI-Unprocessed_062_PIANO062_MID--AUDIO-split_07-07-17_Piano-e_2-07_wav--1.midi,488.333077242
train,2008/MIDI-Unprocessed_03_R1_2008_01-04_ORIG_MID--AUDIO_03_R1_2008_wav--2.midi,593.318049844
train,2015/MIDI-Unprocessed_R1_D1-9-12_mid--AUDIO-from_mp3_10_R1_2015_wav--3.midi,1251.28854167
train,2011/MIDI-Unprocessed_25_R1_2011_MID--AUDIO_R1-D9_15_Track15_wav.midi,564.872565469
train,2011/MIDI-Unprocessed_21_R1_2011_MID--AUDIO_R1-D8_08_Track08_wav.midi,568.347455156
train,2017/MIDI-Unprocessed_045_PIANO045_MID--AUDIO-split_07-06-17_Piano-e_2-01_wav--2.midi,515.413072754
train,2008/MIDI-Unprocessed_11_R1_2008_01-04_ORIG_MID--AUDIO_11_R1_2008_wav--2.midi,602.757142969
train,2011/MIDI-Unprocessed_24_R1_2011_MID--AUDIO_R1-D9_09_Track09_wav.midi,397.693245469
train,2008/MIDI-Unprocessed_01_R1_2008_01-04_ORIG_MID--AUDIO_01_R1_2008_wav--2.midi,278.421195937
train,2004/MIDI-Unprocessed_XP_09_R1_2004_01-02_ORIG_MID--AUDIO_09_R1_2004_03_Track03_wav.midi,453.392893256
train,2011/MIDI-Unprocessed_17_R1_2011_MID--AUDIO_R1-D7_03_Track03_wav.midi,338.045869219
train,2015/MIDI-Unprocessed_R1_D2-21-22_mid--AUDIO-from_mp3_22_R1_2015_wav--2.midi,407.455208333
validation,2018/MIDI-Unprocessed_Recital4_MID--AUDIO_04_R1_2018_wav--3.midi,760.2770175
validation,2008/MIDI-Unprocessed_07_R1_2008_01-04_ORIG_MID--AUDIO_07_R1_2008_wav--2.midi,308.53601625
validation,2017/MIDI-Unprocessed_051_PIANO051_MID--AUDIO-split_07-06-17_Piano-e_3-02_wav--2.midi,318.420448279
train,2014/MIDI-UNPROCESSED_16-18_R1_2014_MID--AUDIO_18_R1_2014_wav--2.midi,1098.92518313
validation,2018/MIDI-Unprocessed_Recital1-3_MID--AUDIO_02_R1_2018_wav--1.midi,2457.80737125
test,2008/MIDI-Unprocessed_10_R1_2008_01-04_ORIG_MID--AUDIO_10_R1_2008_wav--2.midi,430.0636725
test,2015/MIDI-Unprocessed_R1_D1-1-8_mid--AUDIO-from_mp3_05_R1_2015_wav--3.midi,445.68125
test,2015/MIDI-Unprocessed_R1_D1-9-12_mid--AUDIO-from_mp3_09_R1_2015_wav--2.midi,894.40625
test,2017/MIDI-Unprocessed_065_PIANO065_MID--AUDIO-split_07-07-17_Piano-e_3-01_wav--2.midi,450.154845513
train,2018/MIDI-Unprocessed_Recital13-15_MID--AUDIO_14_R1_2018_wav--2.midi,1176.40240266
train,2018/MIDI-Unprocessed_Recital17-19_MID--AUDIO_19_R1_2018_wav--2.midi,1022.54438344
train,2014/MIDI-UNPROCESSED_06-08_R1_2014_MID--AUDIO_06_R1_2014_wav--3.midi,1137.43743094
train,2018/MIDI-Unprocessed_Recital9-11_MID--AUDIO_10_R1_2018_wav--2.midi,1060.72142859
train,2014/MIDI-UNPROCESSED_01-03_R1_2014_MID--AUDIO_02_R1_2014_wav--2.midi,1063.92121172
train,2011/MIDI-Unprocessed_14_R1_2011_MID--AUDIO_R1-D6_03_Track03_wav.midi,397.215147656
train,2009/MIDI-Unprocessed_06_R1_2009_01-02_ORIG_MID--AUDIO_06_R1_2009_06_R1_2009_02_WAV.midi,1603.11404859
train,2014/MIDI-UNPROCESSED_19-20_R1_2014_MID--AUDIO_19_R1_2014_wav--2.midi,1585.96930078
train,2018/MIDI-Unprocessed_Recital13-15_MID--AUDIO_15_R1_2018_wav--3.midi,1590.10257656
train,2013/ORIG-MIDI_01_7_6_13_Group__MID--AUDIO_02_R1_2013_wav--2.midi,325.30950375
train,2011/MIDI-Unprocessed_22_R1_2011_MID--AUDIO_R1-D8_13_Track13_wav.midi,332.583802031
train,2017/MIDI-Unprocessed_061_PIANO061_MID--AUDIO-split_07-07-17_Piano-e_2-05_wav--2.midi,333.371229721
test,2011/MIDI-Unprocessed_23_R1_2011_MID--AUDIO_R1-D9_03_Track03_wav.midi,271.508809687
test,2015/MIDI-Unprocessed_R1_D2-13-20_mid--AUDIO-from_mp3_16_R1_2015_wav--2.midi,236.041666667
train,2018/MIDI-Unprocessed_Recital1-3_MID--AUDIO_03_R1_2018_wav--1.midi,1254.06391687
train,2013/ORIG-MIDI_01_7_7_13_Group__MID--AUDIO_13_R1_2013_wav--2.midi,397.789399219
train,2011/MIDI-Unprocessed_06_R1_2011_MID--AUDIO_R1-D2_15_Track15_wav.midi,278.132734688
train,2017/MIDI-Unprocessed_067_PIANO067_MID--AUDIO-split_07-07-17_Piano-e_3-03_wav--2.midi,289.1011475
test,2009/MIDI-Unprocessed_09_R1_2009_01-04_ORIG_MID--AUDIO_09_R1_2009_09_R1_2009_03_WAV.midi,921.498811406
train,2006/MIDI-Unprocessed_10_R1_2006_01-04_ORIG_MID--AUDIO_10_R1_2006_02_Track02_wav.midi,1405.96413891
train,2006/MIDI-Unprocessed_21_R1_2006_01-04_ORIG_MID--AUDIO_21_R1_2006_02_Track02_wav.midi,1256.10718406
train,2006/MIDI-Unprocessed_13_R1_2006_01-06_ORIG_MID--AUDIO_13_R1_2006_02_Track02_wav.midi,1075.70805891
test,2004/MIDI-Unprocessed_XP_15_R1_2004_03_ORIG_MID--AUDIO_15_R1_2004_03_Track03_wav.midi,1118.90161376
train,2004/MIDI-Unprocessed_XP_15_R1_2004_01-02_ORIG_MID--AUDIO_15_R1_2004_01_Track01_wav.midi,534.516585565
train,2006/MIDI-Unprocessed_05_R1_2006_01-05_ORIG_MID--AUDIO_05_R1_2006_01_Track01_wav.midi,470.609839219
train,2004/MIDI-Unprocessed_SMF_17_R1_2004_01-03_ORIG_MID--AUDIO_17_R1_2004_03_Track03_wav.midi,563.933165452
train,2009/MIDI-Unprocessed_21_R1_2009_01-03_ORIG_MID--AUDIO_21_R1_2009_21_R1_2009_01_WAV.midi,1183.00228922
test,2013/ORIG-MIDI_02_7_7_13_Group__MID--AUDIO_16_R1_2013_wav--2.midi,422.9696625
train,2004/MIDI-Unprocessed_SMF_22_R1_2004_01-04_ORIG_MID--AUDIO_22_R1_2004_10_Track10_wav.midi,804.745489242
train,2018/MIDI-Unprocessed_Recital5-7_MID--AUDIO_06_R1_2018_wav--2.midi,1451.39945672
train,2004/MIDI-Unprocessed_XP_21_R1_2004_02_ORIG_MID--AUDIO_21_R1_2004_03_Track03_wav.midi,781.777608279
train,2018/MIDI-Unprocessed_Recital5-7_MID--AUDIO_05_R1_2018_wav--1.midi,1114.77319078
test,2009/MIDI-Unprocessed_17_R1_2009_01-03_ORIG_MID--AUDIO_17_R1_2009_17_R1_2009_01_WAV.midi,753.739897969
train,2009/MIDI-Unprocessed_20_R1_2009_01-05_ORIG_MID--AUDIO_20_R1_2009_20_R1_2009_01_WAV.midi,934.418136094
train,2011/MIDI-Unprocessed_25_R3_2011_MID--AUDIO_R3-D9_04_Track04_wav.midi,630.735213281
train,2015/MIDI-Unprocessed_R2_D2-19-21-22_mid--AUDIO-from_mp3_19_R2_2015_wav--2.midi,649.673958333
train,2017/MIDI-Unprocessed_082_PIANO082_MID--AUDIO-split_07-09-17_Piano-e_2_-04_wav--1.midi,598.049419971
train,2013/ORIG-MIDI_02_7_10_13_Group_MID--AUDIO_14_R3_2013_wav--1.midi,590.600370937
train,2015/MIDI-Unprocessed_R2_D1-2-3-6-7-8-11_mid--AUDIO-from_mp3_11_R2_2015_wav--1.midi,687.135416667
validation,2009/MIDI-Unprocessed_16_R1_2009_01-02_ORIG_MID--AUDIO_16_R1_2009_16_R1_2009_01_WAV.midi,1530.08260453
train,2008/MIDI-Unprocessed_06_R1_2008_01-04_ORIG_MID--AUDIO_06_R1_2008_wav--4.midi,294.372034687
train,2011/MIDI-Unprocessed_03_R3_2011_MID--AUDIO_R3-D1_06_Track06_wav.midi,255.60871875
validation,2004/MIDI-Unprocessed_XP_04_R1_2004_06_ORIG_MID--AUDIO_04_R1_2004_08_Track08_wav.midi,530.857408325
validation,2006/MIDI-Unprocessed_13_R1_2006_01-06_ORIG_MID--AUDIO_13_R1_2006_05_Track05_wav.midi,491.751645
validation,2011/MIDI-Unprocessed_21_R1_2011_MID--AUDIO_R1-D8_10_Track10_wav.midi,534.923343281
train,2006/MIDI-Unprocessed_18_R1_2006_01-05_ORIG_MID--AUDIO_18_R1_2006_05_Track05_wav.midi,2009.46246703
train,2018/MIDI-Unprocessed_Recital8_MID--AUDIO_08_R1_2018_wav--4.midi,1906.30017703
train,2009/MIDI-Unprocessed_18_R1_2009_01-03_ORIG_MID--AUDIO_18_R1_2009_18_R1_2009_02_WAV.midi,668.431489688
train,2006/MIDI-Unprocessed_18_R1_2006_01-05_ORIG_MID--AUDIO_18_R1_2006_01_Track01_wav.midi,653.231184375
train,2011/MIDI-Unprocessed_10_R1_2011_MID--AUDIO_R1-D4_04_Track04_wav.midi,245.819732813
train,2009/MIDI-Unprocessed_15_R1_2009_01-02_ORIG_MID--AUDIO_15_R1_2009_15_R1_2009_01_WAV.midi,642.479325469
train,2006/MIDI-Unprocessed_15_R1_2006_01-05_ORIG_MID--AUDIO_15_R1_2006_01_Track01_wav.midi,649.095237656
train,2013/ORIG-MIDI_02_7_6_13_Group__MID--AUDIO_07_R1_2013_wav--2.midi,273.190164844
train,2008/MIDI-Unprocessed_16_R1_2008_01-04_ORIG_MID--AUDIO_16_R1_2008_wav--4.midi,278.921996719
train,2009/MIDI-Unprocessed_03_R1_2009_03-08_ORIG_MID--AUDIO_03_R1_2009_03_R1_2009_05_WAV.midi,365.333502188
train,2017/MIDI-Unprocessed_078_PIANO078_MID--AUDIO-split_07-09-17_Piano-e_1-02_wav--3.midi,671.685811287
train,2014/MIDI-UNPROCESSED_09-10_R1_2014_MID--AUDIO_10_R1_2014_wav--5.midi,609.916590938
train,2018/MIDI-Unprocessed_Recital16_MID--AUDIO_16_R1_2018_wav--2.midi,727.833139688
train,2006/MIDI-Unprocessed_13_R1_2006_01-06_ORIG_MID--AUDIO_13_R1_2006_01_Track01_wav.midi,412.673198438
train,2008/MIDI-Unprocessed_08_R1_2008_01-05_ORIG_MID--AUDIO_08_R1_2008_wav--5.midi,63.3786759375
train,2018/MIDI-Unprocessed_Recital13-15_MID--AUDIO_15_R1_2018_wav--2.midi,247.900393125
train,2018/MIDI-Unprocessed_Recital1-3_MID--AUDIO_02_R1_2018_wav--3.midi,441.12135375
train,2006/MIDI-Unprocessed_18_R1_2006_01-05_ORIG_MID--AUDIO_18_R1_2006_03_Track03_wav.midi,513.645319687
train,2008/MIDI-Unprocessed_17_R2_2008_01-04_ORIG_MID--AUDIO_17_R2_2008_wav--2.midi,474.076716094
train,2009/MIDI-Unprocessed_13_R1_2009_01-03_ORIG_MID--AUDIO_13_R1_2009_13_R1_2009_01_WAV.midi,499.677652031
train,2006/MIDI-Unprocessed_24_R1_2006_01-05_ORIG_MID--AUDIO_24_R1_2006_04_Track04_wav.midi,218.688349687
train,2008/MIDI-Unprocessed_09_R1_2008_01-05_ORIG_MID--AUDIO_09_R1_2008_wav--5.midi,366.701022187
train,2014/MIDI-UNPROCESSED_16-18_R1_2014_MID--AUDIO_18_R1_2014_wav--5.midi,469.876666875
train,2008/MIDI-Unprocessed_02_R2_2008_01-05_ORIG_MID--AUDIO_02_R2_2008_wav--5.midi,272.686693125
train,2004/MIDI-Unprocessed_SMF_16_R1_2004_01-08_ORIG_MID--AUDIO_16_R1_2004_13_Track13_wav.midi,969.764233204
train,2004/MIDI-Unprocessed_XP_11_R1_2004_03-04_ORIG_MID--AUDIO_11_R1_2004_03_Track03_wav.midi,310.470237956
train,2008/MIDI-Unprocessed_02_R2_2008_01-05_ORIG_MID--AUDIO_02_R2_2008_wav--3.midi,241.512846094
train,2008/MIDI-Unprocessed_02_R2_2008_01-05_ORIG_MID--AUDIO_02_R2_2008_wav--4.midi,108.673769531
train,2006/MIDI-Unprocessed_09_R1_2006_01-04_ORIG_MID--AUDIO_09_R1_2006_04_Track04_wav.midi,976.011310312
train,2006/MIDI-Unprocessed_13_R1_2006_01-06_ORIG_MID--AUDIO_13_R1_2006_04_Track04_wav.midi,236.329891875
train,2004/MIDI-Unprocessed_SMF_16_R1_2004_01-08_ORIG_MID--AUDIO_16_R1_2004_05_Track05_wav.midi,295.250197385
test,2006/MIDI-Unprocessed_16_R1_2006_01-04_ORIG_MID--AUDIO_16_R1_2006_02_Track02_wav.midi,506.294899688
test,2009/MIDI-Unprocessed_17_R1_2009_01-03_ORIG_MID--AUDIO_17_R1_2009_17_R1_2009_02_WAV.midi,430.775477344
train,2015/MIDI-Unprocessed_R2_D1-2-3-6-7-8-11_mid--AUDIO-from_mp3_08_R2_2015_wav--3.midi,419.332291667
train,2011/MIDI-Unprocessed_04_R1_2011_MID--AUDIO_R1-D2_06_Track06_wav.midi,456.623475
train,2011/MIDI-Unprocessed_08_R1_2011_MID--AUDIO_R1-D3_09_Track09_wav.midi,493.855008281
validation,2013/ORIG-MIDI_03_7_10_13_Group_MID--AUDIO_15_R3_2013_wav--2.midi,382.695931406
train,2014/MIDI-UNPROCESSED_01-03_R1_2014_MID--AUDIO_03_R1_2014_wav--6.midi,1286.41030547
validation,2004/MIDI-Unprocessed_XP_19_R1_2004_01-02_ORIG_MID--AUDIO_19_R1_2004_03_Track03_wav.midi,2097.17864236
train,2018/MIDI-Unprocessed_Recital17-19_MID--AUDIO_17_R1_2018_wav--4.midi,1894.08063797
train,2004/MIDI-Unprocessed_XP_08_R1_2004_01-02_ORIG_MID--AUDIO_08_R1_2004_02_Track02_wav.midi,1255.95783337
train,2018/MIDI-Unprocessed_Recital1-3_MID--AUDIO_03_R1_2018_wav--2.midi,2028.95630437
test,2014/MIDI-UNPROCESSED_01-03_R1_2014_MID--AUDIO_02_R1_2014_wav--4.midi,638.000163281
validation,2014/MIDI-UNPROCESSED_19-20_R1_2014_MID--AUDIO_20_R1_2014_wav--2.midi,1634.31861141
test,2004/MIDI-Unprocessed_XP_11_R1_2004_01-02_ORIG_MID--AUDIO_11_R1_2004_02_Track02_wav.midi,1303.54743657
train,2006/MIDI-Unprocessed_23_R1_2006_01-05_ORIG_MID--AUDIO_23_R1_2006_04_Track04_wav.midi,1888.42492781
train,2009/MIDI-Unprocessed_05_R1_2009_03-05_ORIG_MID--AUDIO_05_R1_2009_05_R1_2009_03_WAV.midi,1893.88432406
train,2014/MIDI-UNPROCESSED_11-13_R1_2014_MID--AUDIO_12_R1_2014_wav--1.midi,1873.31276344
train,2014/MIDI-UNPROCESSED_09-10_R1_2014_MID--AUDIO_10_R1_2014_wav--3.midi,2014.85909625
test,2011/MIDI-Unprocessed_23_R3_2011_MID--AUDIO_R3-D8_04_Track04_wav.midi,438.614678906
train,2006/MIDI-Unprocessed_01_R1_2006_01-09_ORIG_MID--AUDIO_01_R1_2006_01_Track01_wav.midi,1793.33421094
train,2014/MIDI-UNPROCESSED_04-08-12_R3_2014_MID--AUDIO_08_R3_2014_wav.midi,1913.92303266
train,2009/MIDI-Unprocessed_13_R1_2009_04_ORIG_MID--AUDIO_13_R1_2009_13_R1_2009_04_WAV.midi,1582.88703891
validation,2018/MIDI-Unprocessed_Recital4_MID--AUDIO_04_R1_2018_wav--4.midi,976.820604375
validation,2017/MIDI-Unprocessed_073_PIANO073_MID--AUDIO-split_07-08-17_Piano-e_2-02_wav--4.midi,981.026175854
train,2006/MIDI-Unprocessed_16_R1_2006_01-04_ORIG_MID--AUDIO_16_R1_2006_03_Track03_wav.midi,1634.54564109
train,2018/MIDI-Unprocessed_Recital13-15_MID--AUDIO_13_R1_2018_wav--2.midi,1526.65579172
train,2018/MIDI-Unprocessed_Recital20_MID--AUDIO_20_R1_2018_wav--4.midi,2096.39614078
train,2015/MIDI-Unprocessed_R2_D2-12-13-15_mid--AUDIO-from_mp3_15_R2_2015_wav--3.midi,1058.59166667
train,2014/MIDI-UNPROCESSED_21-22_R1_2014_MID--AUDIO_21_R1_2014_wav--8.midi,1634.97165563
test,2006/MIDI-Unprocessed_06_R1_2006_01-04_ORIG_MID--AUDIO_06_R1_2006_02_Track02_wav.midi,311.429977031
test,2014/MIDI-UNPROCESSED_19-20_R1_2014_MID--AUDIO_19_R1_2014_wav--8.midi,292.591854844
test,2004/MIDI-Unprocessed_SMF_02_R1_2004_01-05_ORIG_MID--AUDIO_02_R1_2004_10_Track10_wav.midi,312.655060571
test,2009/MIDI-Unprocessed_20_R1_2009_01-05_ORIG_MID--AUDIO_20_R1_2009_20_R1_2009_02_WAV.midi,392.351370469
train,2008/MIDI-Unprocessed_15_R2_2008_01-04_ORIG_MID--AUDIO_15_R2_2008_wav--3.midi,205.543330781
validation,2006/MIDI-Unprocessed_09_R1_2006_01-04_ORIG_MID--AUDIO_09_R1_2006_03_Track03_wav.midi,1103.90648156
validation,2011/MIDI-Unprocessed_12_R2_2011_MID--AUDIO_R2-D4_02_Track02_wav.midi,376.323074531
validation,2013/ORIG-MIDI_01_7_6_13_Group__MID--AUDIO_01_R1_2013_wav--3.midi,302.103063281
validation,2004/MIDI-Unprocessed_SMF_16_R1_2004_01-08_ORIG_MID--AUDIO_16_R1_2004_03_Track03_wav.midi,321.438154319
test,2018/MIDI-Unprocessed_Recital17-19_MID--AUDIO_17_R1_2018_wav--2.midi,291.913436719
test,2008/MIDI-Unprocessed_08_R1_2008_01-05_ORIG_MID--AUDIO_08_R1_2008_wav--3.midi,164.620561875
validation,2008/MIDI-Unprocessed_09_R1_2008_01-05_ORIG_MID--AUDIO_09_R1_2008_wav--4.midi,153.79258125
validation,2017/MIDI-Unprocessed_049_PIANO049_MID--AUDIO-split_07-06-17_Piano-e_2-06_wav--4.midi,161.913736533
test,2014/MIDI-UNPROCESSED_04-05_R1_2014_MID--AUDIO_04_R1_2014_wav--5.midi,197.370262031
test,2015/MIDI-Unprocessed_R1_D2-13-20_mid--AUDIO-from_mp3_17_R1_2015_wav--3.midi,280.047916667
validation,2011/MIDI-Unprocessed_23_R1_2011_MID--AUDIO_R1-D9_05_Track05_wav.midi,154.993167656
test,2013/ORIG-MIDI_01_7_6_13_Group__MID--AUDIO_04_R1_2013_wav--3.midi,262.041671719
test,2008/MIDI-Unprocessed_05_R1_2008_01-04_ORIG_MID--AUDIO_05_R1_2008_wav--4.midi,273.573444375
validation,2008/MIDI-Unprocessed_12_R1_2008_01-04_ORIG_MID--AUDIO_12_R1_2008_wav--3.midi,158.788569844
validation,2004/MIDI-Unprocessed_SMF_02_R1_2004_01-05_ORIG_MID--AUDIO_02_R1_2004_06_Track06_wav.midi,267.438313619
test,2004/MIDI-Unprocessed_SMF_02_R1_2004_01-05_ORIG_MID--AUDIO_02_R1_2004_08_Track08_wav.midi,190.852001088
test,2006/MIDI-Unprocessed_12_R1_2006_01-08_ORIG_MID--AUDIO_12_R1_2006_07_Track07_wav.midi,204.878267344
validation,2018/MIDI-Unprocessed_Recital5-7_MID--AUDIO_05_R1_2018_wav--3.midi,1355.37791813
validation,2004/MIDI-Unprocessed_SMF_16_R1_2004_01-08_ORIG_MID--AUDIO_16_R1_2004_04_Track04_wav.midi,217.924570796
validation,2006/MIDI-Unprocessed_12_R1_2006_01-08_ORIG_MID--AUDIO_12_R1_2006_03_Track03_wav.midi,138.394626563
train,2004/MIDI-Unprocessed_XP_08_R1_2004_04-06_ORIG_MID--AUDIO_08_R1_2004_05_Track05_wav--2.midi,158.014182992
train,2017/MIDI-Unprocessed_060_PIANO060_MID--AUDIO-split_07-07-17_Piano-e_2-04_wav--2.midi,164.292998379
train,2018/MIDI-Unprocessed_Recital1-3_MID--AUDIO_03_R1_2018_wav--4.midi,256.500811875
train,2018/MIDI-Unprocessed_Recital1-3_MID--AUDIO_03_R1_2018_wav--5.midi,164.338777969
train,2013/ORIG-MIDI_01_7_6_13_Group__MID--AUDIO_02_R1_2013_wav--4.midi,207.710796563
train,2006/MIDI-Unprocessed_22_R1_2006_01-04_ORIG_MID--AUDIO_22_R1_2006_04_Track04_wav.midi,1750.78350563
train,2011/MIDI-Unprocessed_17_R3_2011_MID--AUDIO_R3-D6_08_Track08_wav.midi,276.942832031
validation,2004/MIDI-Unprocessed_SMF_16_R1_2004_01-08_ORIG_MID--AUDIO_16_R1_2004_06_Track06_wav.midi,235.444818256
validation,2006/MIDI-Unprocessed_12_R1_2006_01-08_ORIG_MID--AUDIO_12_R1_2006_04_Track04_wav.midi,199.615185
validation,2004/MIDI-Unprocessed_SMF_13_01_2004_01-05_ORIG_MID--AUDIO_13_R1_2004_12_Track12_wav.midi,243.356119704
train,2015/MIDI-Unprocessed_R1_D1-9-12_mid--AUDIO-from_mp3_11_R1_2015_wav--4.midi,264.132291667
test,2008/MIDI-Unprocessed_12_R3_2008_01-04_ORIG_MID--AUDIO_12_R3_2008_wav--3.midi,167.493155156
train,2004/MIDI-Unprocessed_XP_08_R1_2004_04-06_ORIG_MID--AUDIO_08_R1_2004_04_Track04_wav.midi,168.511255027
train,2006/MIDI-Unprocessed_12_R1_2006_01-08_ORIG_MID--AUDIO_12_R1_2006_05_Track05_wav.midi,240.634107656
validation,2018/MIDI-Unprocessed_Recital17-19_MID--AUDIO_19_R1_2018_wav--5.midi,239.852858438
test,2015/MIDI-Unprocessed_R1_D1-9-12_mid--AUDIO-from_mp3_11_R1_2015_wav--5.midi,109.870833333
test,2004/MIDI-Unprocessed_XP_08_R1_2004_04-06_ORIG_MID--AUDIO_08_R1_2004_05_Track05_wav--1.midi,287.529574004
validation,2006/MIDI-Unprocessed_14_R1_2006_01-05_ORIG_MID--AUDIO_14_R1_2006_04_Track04_wav.midi,365.457700781
validation,2004/MIDI-Unprocessed_SMF_16_R1_2004_01-08_ORIG_MID--AUDIO_16_R1_2004_02_Track02_wav.midi,231.917050885
train,2013/ORIG-MIDI_02_7_6_13_Group__MID--AUDIO_05_R1_2013_wav--3.midi,263.720355938
test,2011/MIDI-Unprocessed_03_R2_2011_MID--AUDIO_R2-D1_06_Track06_wav.midi,127.737585938
train,2018/MIDI-Unprocessed_Recital17-19_MID--AUDIO_19_R1_2018_wav--6.midi,700.402611563
train,2011/MIDI-Unprocessed_12_R3_2011_MID--AUDIO_R3-D4_09_Track09_wav.midi,344.883469219
train,2004/MIDI-Unprocessed_XP_15_R1_2004_04_ORIG_MID--AUDIO_15_R1_2004_04_Track04_wav.midi,1167.49976099
train,2004/MIDI-Unprocessed_XP_01_R1_2004_04-05_ORIG_MID--AUDIO_01_R1_2004_06_Track06_wav.midi,649.419024379
train,2009/MIDI-Unprocessed_14_R1_2009_06-08_ORIG_MID--AUDIO_14_R1_2009_14_R1_2009_08_WAV.midi,1387.26089906
train,2009/MIDI-Unprocessed_08_R1_2009_05-06_ORIG_MID--AUDIO_08_R1_2009_08_R1_2009_06_WAV.midi,1227.78322734
train,2004/MIDI-Unprocessed_SMF_16_R1_2004_01-08_ORIG_MID--AUDIO_16_R1_2004_08_Track08_wav.midi,1195.73578881
train,2006/MIDI-Unprocessed_03_R1_2006_01-05_ORIG_MID--AUDIO_03_R1_2006_05_Track05_wav.midi,1040.69473922
train,2009/MIDI-Unprocessed_07_R1_2009_04-05_ORIG_MID--AUDIO_07_R1_2009_07_R1_2009_05_WAV.midi,1168.36555172
train,2006/MIDI-Unprocessed_12_R1_2006_01-08_ORIG_MID--AUDIO_12_R1_2006_08_Track08_wav.midi,114.58321875
train,2009/MIDI-Unprocessed_04_R1_2009_04-06_ORIG_MID--AUDIO_04_R1_2009_04_R1_2009_06_WAV.midi,182.654731875
train,2006/MIDI-Unprocessed_07_R1_2006_01-04_ORIG_MID--AUDIO_07_R1_2006_02_Track02_wav.midi,691.770141563
train,2009/MIDI-Unprocessed_04_R1_2009_01-03_ORIG_MID--AUDIO_04_R1_2009_04_R1_2009_02_WAV.midi,735.7471275
train,2018/MIDI-Unprocessed_Chamber2_MID--AUDIO_09_R3_2018_wav--1.midi,581.409675
test,2011/MIDI-Unprocessed_05_R1_2011_MID--AUDIO_R1-D2_12_Track12_wav.midi,500.815471406
train,2006/MIDI-Unprocessed_24_R1_2006_01-05_ORIG_MID--AUDIO_24_R1_2006_01_Track01_wav.midi,937.038325781
train,2015/MIDI-Unprocessed_R1_D1-1-8_mid--AUDIO-from_mp3_01_R1_2015_wav--3.midi,228.583333333
test,2008/MIDI-Unprocessed_08_R1_2008_01-05_ORIG_MID--AUDIO_08_R1_2008_wav--2.midi,299.095587656
train,2011/MIDI-Unprocessed_02_R1_2011_MID--AUDIO_R1-D1_09_Track09_wav.midi,183.08742375
test,2013/ORIG-MIDI_03_7_10_13_Group_MID--AUDIO_17_R3_2013_wav--1.midi,307.326081563
test,2017/MIDI-Unprocessed_052_PIANO052_MID--AUDIO-split_07-06-17_Piano-e_3-03_wav--3.midi,301.940828175
train,2013/ORIG-MIDI_02_7_7_13_Group__MID--AUDIO_18_R1_2013_wav--3.midi,261.801287344
train,2009/MIDI-Unprocessed_08_R1_2009_01-04_ORIG_MID--AUDIO_08_R1_2009_08_R1_2009_01_WAV.midi,672.153441094
train,2015/MIDI-Unprocessed_R1_D2-13-20_mid--AUDIO-from_mp3_20_R1_2015_wav--2.midi,257.267708333
validation,2015/MIDI-Unprocessed_R1_D2-13-20_mid--AUDIO-from_mp3_18_R1_2015_wav--3.midi,598.585416667
train,2008/MIDI-Unprocessed_02_R1_2008_01-05_ORIG_MID--AUDIO_02_R1_2008_wav--2.midi,230.639459531
train,2018/MIDI-Unprocessed_Recital13-15_MID--AUDIO_13_R1_2018_wav--1.midi,1070.4476475
train,2013/ORIG-MIDI_01_7_7_13_Group__MID--AUDIO_11_R1_2013_wav--2.midi,239.547036094
train,2018/MIDI-Unprocessed_Recital12_MID--AUDIO_12_R1_2018_wav--1.midi,803.47141875
train,2008/MIDI-Unprocessed_14_R1_2008_01-05_ORIG_MID--AUDIO_14_R1_2008_wav--2.midi,267.495726094
train,2008/MIDI-Unprocessed_07_R3_2008_01-05_ORIG_MID--AUDIO_07_R3_2008_wav--1.midi,236.252434687
train,2011/MIDI-Unprocessed_03_R1_2011_MID--AUDIO_R1-D1_16_Track16_wav.midi,205.236172969
train,2009/MIDI-Unprocessed_14_R1_2009_06-08_ORIG_MID--AUDIO_14_R1_2009_14_R1_2009_06_WAV.midi,910.278202969
train,2014/MIDI-UNPROCESSED_09-10_R1_2014_MID--AUDIO_09_R1_2014_wav--1.midi,790.820523281
train,2013/ORIG-MIDI_01_7_7_13_Group__MID--AUDIO_12_R1_2013_wav--2.midi,214.958385469
train,2013/ORIG-MIDI_01_7_7_13_Group__MID--AUDIO_12_R1_2013_wav--3.midi,285.3629625
train,2009/MIDI-Unprocessed_05_R1_2009_01-02_ORIG_MID--AUDIO_05_R1_2009_05_R1_2009_01_WAV.midi,792.420414844
train,2011/MIDI-Unprocessed_07_R1_2011_MID--AUDIO_R1-D3_04_Track04_wav.midi,194.098363594
validation,2006/MIDI-Unprocessed_16_R1_2006_01-04_ORIG_MID--AUDIO_16_R1_2006_01_Track01_wav.midi,1075.48904203
train,2006/MIDI-Unprocessed_06_R1_2006_01-04_ORIG_MID--AUDIO_06_R1_2006_01_Track01_wav.midi,901.959568125
train,2015/MIDI-Unprocessed_R1_D1-9-12_mid--AUDIO-from_mp3_12_R1_2015_wav--2.midi,832.53125
test,2013/ORIG-MIDI_03_7_6_13_Group__MID--AUDIO_09_R1_2013_wav--3.midi,192.605309531
train,2004/MIDI-Unprocessed_XP_14_R1_2004_04_ORIG_MID--AUDIO_14_R1_2004_06_Track06_wav.midi,114.696242842
validation,2004/MIDI-Unprocessed_SMF_12_01_2004_01-05_ORIG_MID--AUDIO_12_R1_2004_03_Track03_wav--1.midi,1139.19847773
validation,2018/MIDI-Unprocessed_Recital17-19_MID--AUDIO_17_R1_2018_wav--3.midi,1068.75160219
train,2004/MIDI-Unprocessed_XP_04_R1_2004_01-02_ORIG_MID--AUDIO_04_R1_2004_02_Track02_wav.midi,630.266303102
